RegionID,RegionName,State,date,home_value,treated,rent,post,did,pop_total,median_income,housing_total,housing_owned,median_rent_census,labor_force,mortgage_rate,ownership_rate,home_value_idx,rent_idx
157,Erie County,NY,2018-01-01,162464.03589173572,0,928.068938437768,0,0,919866.0,55673.0,387847.0,251238.0,804.0,472206.0,4.032500000000001,0.6477760560220912,72.3803576484221,79.49999596696819
157,Erie County,NY,2018-02-01,163373.371829375,0,926.745805866876,0,0,919866.0,55673.0,387847.0,251238.0,804.0,472206.0,4.33,0.6477760560220912,72.78548152724015,79.38665413459661
157,Erie County,NY,2018-03-01,164486.50185217193,0,927.6318290739506,0,0,919866.0,55673.0,387847.0,251238.0,804.0,472206.0,4.444,0.6477760560220912,73.28139896962678,79.46255242024299
157,Erie County,NY,2018-04-01,165396.762653779,0,931.5978643863336,0,0,919866.0,55673.0,387847.0,251238.0,804.0,472206.0,4.4675,0.6477760560220912,73.68693489031241,79.80228988831303
157,Erie County,NY,2018-05-01,166518.7262856337,0,928.4970388655246,0,0,919866.0,55673.0,387847.0,251238.0,804.0,472206.0,4.586,0.6477760560220912,74.18678784851592,79.53666779259505
157,Erie County,NY,2018-06-01,167516.7434282445,0,931.8431713802328,0,0,919866.0,55673.0,387847.0,251238.0,804.0,472206.0,4.57,0.6477760560220912,74.63142063955137,79.82330331115044
157,Erie County,NY,2018-07-01,168739.7922980642,0,933.0147781508136,0,0,919866.0,55673.0,387847.0,251238.0,804.0,472206.0,4.5275,0.6477760560220912,75.17630870744377,79.92366518048833
157,Erie County,NY,2018-08-01,169871.05240444755,0,940.2956143029536,0,0,919866.0,55673.0,387847.0,251238.0,804.0,472206.0,4.55,0.6477760560220912,75.68030339552342,80.54735424146006
157,Erie County,NY,2018-09-01,170771.61192947035,0,943.0567758528944,0,0,919866.0,55673.0,387847.0,251238.0,804.0,472206.0,4.6275,0.6477760560220912,76.08151724046496,80.78388013193317
157,Erie County,NY,2018-10-01,171136.65064516888,0,943.4888102487802,0,0,919866.0,55673.0,387847.0,251238.0,804.0,472206.0,4.83,0.6477760560220912,76.24414789686075,80.82088894809756
157,Erie County,NY,2018-11-01,171228.55913181163,0,949.0785875253622,0,0,919866.0,55673.0,387847.0,251238.0,804.0,472206.0,4.866,0.6477760560220912,76.28509461529978,81.29971897088936
157,Erie County,NY,2018-12-01,171103.09088359406,0,954.1716520357128,0,0,919866.0,55673.0,387847.0,251238.0,804.0,472206.0,4.6375,0.6477760560220912,76.22919647987761,81.7359997160611
157,Erie County,NY,2019-01-01,171452.21261719672,0,960.7987287558196,0,0,919355.0,58121.0,389585.0,251583.0,829.0,472606.0,4.464,0.6457717827945121,76.38473586311586,82.3036866094595
157,Erie County,NY,2019-02-01,172114.63773057112,0,956.5915874870112,0,0,919355.0,58121.0,389585.0,251583.0,829.0,472606.0,4.37,0.6457717827945121,76.67985697320132,81.94329558671313
157,Erie County,NY,2019-03-01,173155.46452373388,0,960.2343088623196,0,0,919355.0,58121.0,389585.0,251583.0,829.0,472606.0,4.265,0.6457717827945121,77.14356215647885,82.25533742180922
157,Erie County,NY,2019-04-01,174013.54522893662,0,963.5349036763504,0,0,919355.0,58121.0,389585.0,251583.0,829.0,472606.0,4.1425,0.6457717827945121,77.52585099962425,82.53807210189208
157,Erie County,NY,2019-05-01,174833.3085624572,0,970.1478715262436,0,0,919355.0,58121.0,389585.0,251583.0,829.0,472606.0,4.072,0.6457717827945121,77.89106883347655,83.10455040498148
157,Erie County,NY,2019-06-01,175710.61938617946,0,971.3978236274096,0,0,919355.0,58121.0,389585.0,251583.0,829.0,472606.0,3.8025,0.6457717827945121,78.28192500568295,83.21162347130871
157,Erie County,NY,2019-07-01,176542.21865441464,0,974.63755027951,0,0,919355.0,58121.0,389585.0,251583.0,829.0,472606.0,3.765,0.6457717827945121,78.6524159400282,83.48914407900152
157,Erie County,NY,2019-08-01,177300.0775332911,0,976.1363477437144,0,0,919355.0,58121.0,389585.0,251583.0,829.0,472606.0,3.616,0.6457717827945121,78.99005433734503,83.6175336710076
157,Erie County,NY,2019-09-01,177977.191627486,0,982.82730767357,0,0,919355.0,58121.0,389585.0,251583.0,829.0,472606.0,3.605,0.6457717827945121,79.29171962614332,84.19069291102493
157,Erie County,NY,2019-10-01,178789.10042102626,0,986.2949556820612,0,0,919355.0,58121.0,389585.0,251583.0,829.0,472606.0,3.688,0.6457717827945121,79.65343813530005,84.48773765767268
157,Erie County,NY,2019-11-01,179591.06794244586,0,985.2431250716032,0,0,919355.0,58121.0,389585.0,251583.0,829.0,472606.0,3.695,0.6457717827945121,80.01072764681662,84.3976360220872
157,Erie County,NY,2019-12-01,180193.07195944013,0,984.2603610839384,0,0,919355.0,58121.0,389585.0,251583.0,829.0,472606.0,3.72,0.6457717827945121,80.278930180483,84.313450753278
157,Erie County,NY,2020-01-01,180735.4698070968,0,986.0627129648,0,0,919355.0,58121.0,389585.0,251583.0,829.0,472606.0,3.624,0.6457717827945121,80.52057720091825,84.46784334344567
157,Erie County,NY,2020-02-01,181341.28408239945,0,995.7083356995556,0,0,919355.0,58121.0,389585.0,251583.0,829.0,472606.0,3.4650000000000003,0.6457717827945121,80.79047726633426,85.294104127265
157,Erie County,NY,2020-03-01,182141.2756019243,0,1003.1031343413056,0,0,919355.0,58121.0,389585.0,251583.0,829.0,472606.0,3.45,0.6457717827945121,81.14688643702297,85.92755541288314
157,Erie County,NY,2020-04-01,182996.600364072,0,1012.9668648008062,0,0,919355.0,58121.0,389585.0,251583.0,829.0,472606.0,3.306,0.6457717827945121,81.52794746292938,86.77249968293873
157,Erie County,NY,2020-05-01,183920.64728249423,0,1013.6618101727834,0,0,919355.0,58121.0,389585.0,251583.0,829.0,472606.0,3.2325,0.6457717827945121,81.9396253217996,86.83202990960748
157,Erie County,NY,2020-06-01,184972.78612757305,0,1020.78967562992,0,0,919355.0,58121.0,389585.0,251583.0,829.0,472606.0,3.1625,0.6457717827945121,82.40837020730368,87.44261523535855
157,Erie County,NY,2020-07-01,186274.77970836905,0,1024.184760005072,0,0,919355.0,58121.0,389585.0,251583.0,829.0,472606.0,3.016,0.6457717827945121,82.98842942174275,87.73344405523741
157,Erie County,NY,2020-08-01,187876.26528754947,0,1030.2493305987832,0,0,919355.0,58121.0,389585.0,251583.0,829.0,472606.0,2.935,0.6457717827945121,83.70191716906866,88.25294569759713
157,Erie County,NY,2020-09-01,190282.9858630593,0,1034.4381917207636,0,0,919355.0,58121.0,389585.0,251583.0,829.0,472606.0,2.89,0.6457717827945121,84.77415014087113,88.61177081124029
157,Erie County,NY,2020-10-01,193225.83345153963,0,1042.611732816454,0,0,919355.0,58121.0,389585.0,251583.0,829.0,472606.0,2.834,0.6457717827945121,86.08523637475581,89.31193052700132
157,Erie County,NY,2020-11-01,196670.1204477055,0,1046.8549594111826,0,0,919355.0,58121.0,389585.0,251583.0,829.0,472606.0,2.765,0.6457717827945121,87.61972198111134,89.67541268139354
157,Erie County,NY,2020-12-01,199649.999708135,0,1049.625279974972,0,0,919355.0,58121.0,389585.0,251583.0,829.0,472606.0,2.684,0.6457717827945121,88.94730642424763,89.91272314888877
157,Erie County,NY,2021-01-01,202112.8456425084,0,1055.6386663831004,0,0,949715.0,62578.0,403064.0,262725.0,893.0,491286.0,2.735,0.6518195621539011,90.0445441518743,90.42784026507925
157,Erie County,NY,2021-02-01,204485.7273727147,0,1065.3052146540672,0,0,949715.0,62578.0,403064.0,262725.0,893.0,491286.0,2.81,0.6518195621539011,91.10170137037521,91.25589356664754
157,Erie County,NY,2021-03-01,207025.6396656856,0,1073.9146647228104,0,0,949715.0,62578.0,403064.0,262725.0,893.0,491286.0,3.0825,0.6518195621539011,92.23327340816064,91.99339400157756
157,Erie County,NY,2021-04-01,210032.8442512696,0,1080.9835784260133,0,0,949715.0,62578.0,403064.0,262725.0,893.0,491286.0,3.06,0.6518195621539011,93.57303172594362,92.59892941777353
157,Erie County,NY,2021-05-01,213518.71781059363,0,1089.6979580335787,0,0,949715.0,62578.0,403064.0,262725.0,893.0,491286.0,2.9625,0.6518195621539011,95.12604481931025,93.34541829910845
157,Erie County,NY,2021-06-01,217676.1150276505,0,1100.474767761298,0,0,949715.0,62578.0,403064.0,262725.0,893.0,491286.0,2.975,0.6518195621539011,96.97823257154396,94.26857852396486
157,Erie County,NY,2021-07-01,221079.67949669657,0,1108.962423520083,0,0,949715.0,62578.0,403064.0,262725.0,893.0,491286.0,2.868,0.6518195621539011,98.49457563292883,94.99564584692502
157,Erie County,NY,2021-08-01,222956.0461194416,0,1119.9097914614265,0,0,949715.0,62578.0,403064.0,262725.0,893.0,491286.0,2.8425,0.6518195621539011,99.33052733441403,95.93341638437101
157,Erie County,NY,2021-09-01,222801.2167529268,0,1133.6586649185788,0,0,949715.0,62578.0,403064.0,262725.0,893.0,491286.0,2.9,0.6518195621539011,99.26154834554852,97.11116874642494
157,Erie County,NY,2021-10-01,222294.2864008945,0,1143.5025902529526,0,0,949715.0,62578.0,403064.0,262725.0,893.0,491286.0,3.0675,0.6518195621539011,99.03570266849425,97.95441647508959
157,Erie County,NY,2021-11-01,222137.8323803881,0,1152.9284417897295,0,0,949715.0,62578.0,403064.0,262725.0,893.0,491286.0,3.0675,0.6518195621539011,98.9659998699787,98.76185127666845
157,Erie County,NY,2021-12-01,222535.13253236387,0,1160.0956514605657,0,0,949715.0,62578.0,403064.0,262725.0,893.0,491286.0,3.098,0.6518195621539011,99.14300351842273,99.37580689604845
157,Erie County,NY,2022-01-01,224458.7360024981,0,1167.382371721598,0,0,951232.0,68014.0,406547.0,264980.0,984.0,490869.0,3.4450000000000003,0.6517819587895126,100.00000000000001,100.0
157,Erie County,NY,2022-02-01,227551.6388533773,0,1175.7631744211865,0,0,951232.0,68014.0,406547.0,264980.0,984.0,490869.0,3.7625,0.6517819587895126,101.37793828209244,100.71791410446166
157,Erie County,NY,2022-03-01,231897.377113978,0,1184.2606293281815,0,0,951232.0,68014.0,406547.0,264980.0,984.0,490869.0,4.172,0.6517819587895126,103.31403501773133,101.4458208394643
157,Erie County,NY,2022-04-01,236415.18046950447,0,1191.335184326686,0,0,951232.0,68014.0,406547.0,264980.0,984.0,490869.0,4.9825,0.6517819587895126,105.32678953822199,102.05183949880652
157,Erie County,NY,2022-05-01,240635.5050884687,0,1198.792703126489,0,0,951232.0,68014.0,406547.0,264980.0,984.0,490869.0,5.23,0.6517819587895126,107.20701246655445,102.69066350201678
157,Erie County,NY,2022-06-01,244877.0910403352,0,1206.166430197288,0,0,951232.0,68014.0,406547.0,264980.0,984.0,490869.0,5.522,0.6517819587895126,109.09670766283288,103.32230976029672
157,Erie County,NY,2022-07-01,247833.9347816417,0,1216.7324184943473,0,0,951232.0,68014.0,406547.0,264980.0,984.0,490869.0,5.4125,0.6517819587895126,110.41402940934474,104.22741065551385
157,Erie County,NY,2022-08-01,249228.59559408543,0,1224.383729869011,0,0,951232.0,68014.0,406547.0,264980.0,984.0,490869.0,5.2225,0.6517819587895126,111.03537337540368,104.88283526702139
157,Erie County,NY,2022-09-01,248752.58898675969,0,1227.3043477396611,0,0,951232.0,68014.0,406547.0,264980.0,984.0,490869.0,6.112,0.6517819587895126,110.82330472715091,105.13302046266924
157,Erie County,NY,2022-10-01,247745.1707707603,0,1228.9608251701368,1,0,951232.0,68014.0,406547.0,264980.0,984.0,490869.0,6.9,0.6517819587895126,110.37448360575416,105.27491719424596
157,Erie County,NY,2022-11-01,246982.83038262083,0,1235.9790775821907,1,0,951232.0,68014.0,406547.0,264980.0,984.0,490869.0,6.805,0.6517819587895126,110.03484862352252,105.87611287631744
157,Erie County,NY,2022-12-01,246482.3762246972,0,1244.8713525925668,1,0,951232.0,68014.0,406547.0,264980.0,984.0,490869.0,6.364,0.6517819587895126,109.81188819576796,106.63784058660161
157,Erie County,NY,2023-01-01,245850.3482996185,0,1255.6358600415986,1,0,950044.0,71175.0,408711.0,267519.0,1037.0,489132.0,6.2725,0.6545431857718534,109.53030952508006,107.55994697691456
157,Erie County,NY,2023-02-01,245355.1317917441,0,1256.7786932496133,1,0,950044.0,71175.0,408711.0,267519.0,1037.0,489132.0,6.2575,0.6545431857718534,109.30968255519956,107.65784405294539
157,Erie County,NY,2023-03-01,245661.2990346608,0,1262.5774645501945,1,0,950044.0,71175.0,408711.0,267519.0,1037.0,489132.0,6.544,0.6545431857718534,109.44608501757166,108.15457686655036
157,Erie County,NY,2023-04-01,247077.6658569768,0,1263.892177808085,1,0,950044.0,71175.0,408711.0,267519.0,1037.0,489132.0,6.342499999999999,0.6545431857718534,110.0770993623643,108.26719748595819
157,Erie County,NY,2023-05-01,249468.3665375743,0,1271.5069227891856,1,0,950044.0,71175.0,408711.0,267519.0,1037.0,489132.0,6.425,0.6545431857718534,111.14219521168374,108.91948975673068
157,Erie County,NY,2023-06-01,252101.385635178,0,1275.609463564987,1,0,950044.0,71175.0,408711.0,267519.0,1037.0,489132.0,6.714,0.6545431857718534,112.31524783796887,109.27092051970777
157,Erie County,NY,2023-07-01,254535.74925990333,0,1283.9103603761248,1,0,950044.0,71175.0,408711.0,267519.0,1037.0,489132.0,6.84,0.6545431857718534,113.3997962356299,109.98198974708492
157,Erie County,NY,2023-08-01,256706.26200423783,0,1288.26168678755,1,0,950044.0,71175.0,408711.0,267519.0,1037.0,489132.0,7.072,0.6545431857718534,114.36679479536087,110.35473191938688
157,Erie County,NY,2023-09-01,258176.05153162545,0,1291.3056524721806,1,0,950044.0,71175.0,408711.0,267519.0,1037.0,489132.0,7.2,0.6545431857718534,115.02160981996802,110.61548330285531
157,Erie County,NY,2023-10-01,259398.183472109,0,1297.7175332445834,1,0,950044.0,71175.0,408711.0,267519.0,1037.0,489132.0,7.62,0.6545431857718534,115.56608938099964,111.16473613789229
157,Erie County,NY,2023-11-01,260211.24279105404,0,1303.0169359367617,1,0,950044.0,71175.0,408711.0,267519.0,1037.0,489132.0,7.442,0.6545431857718534,115.92832046784672,111.61869216982748
157,Erie County,NY,2023-12-01,261035.9951094468,0,1308.3853556224722,1,0,950044.0,71175.0,408711.0,267519.0,1037.0,489132.0,6.815,0.6545431857718534,116.29576097521176,112.07856031721036
157,Erie County,NY,2024-01-01,261687.6968594979,0,1311.812053623264,1,0,950044.0,71175.0,408711.0,267519.0,1037.0,489132.0,6.6425,0.6545431857718534,116.58610465336731,112.37209721512826
157,Erie County,NY,2024-02-01,262522.0261564518,0,1319.7475660063806,1,0,950044.0,71175.0,408711.0,267519.0,1037.0,489132.0,6.776000000000001,0.6545431857718534,116.95781185969525,113.05186697826197
157,Erie County,NY,2024-03-01,263975.9725933694,0,1326.158922075217,1,0,950044.0,71175.0,408711.0,267519.0,1037.0,489132.0,6.82,0.6545431857718534,117.6055685310602,113.60107486628081
157,Erie County,NY,2024-04-01,266185.6822293846,0,1329.1460413723178,1,0,950044.0,71175.0,408711.0,267519.0,1037.0,489132.0,6.9925,0.6545431857718534,118.59002994047961,113.85695668953426
157,Erie County,NY,2024-05-01,268726.3457210836,0,1332.2424039560142,1,0,950044.0,71175.0,408711.0,267519.0,1037.0,489132.0,7.06,0.6545431857718534,119.72193664945739,114.12219648231357
157,Erie County,NY,2024-06-01,270748.189856411,0,1333.8864637768752,1,0,950044.0,71175.0,408711.0,267519.0,1037.0,489132.0,6.9175,0.6545431857718534,120.62270093751118,114.26302949989943
157,Erie County,NY,2024-07-01,272019.57177828014,0,1337.3562571592904,1,0,950044.0,71175.0,408711.0,267519.0,1037.0,489132.0,6.8475,0.6545431857718534,121.18912216241506,114.56025802300093
157,Erie County,NY,2024-08-01,272880.60535624786,0,1340.949384329359,1,0,950044.0,71175.0,408711.0,267519.0,1037.0,489132.0,6.5,0.6545431857718534,121.57272655817275,114.86805153240346
157,Erie County,NY,2024-09-01,273768.27412339306,0,1351.926212943013,1,0,950044.0,71175.0,408711.0,267519.0,1037.0,489132.0,6.18,0.6545431857718534,121.96819736182876,115.80834572216975
157,Erie County,NY,2024-10-01,274539.4972506698,0,1358.466495856895,1,0,950044.0,71175.0,408711.0,267519.0,1037.0,489132.0,6.428,0.6545431857718534,122.31178974812295,116.36859770749284
157,Erie County,NY,2024-11-01,274958.43449160294,0,1364.343850542456,1,0,950044.0,71175.0,408711.0,267519.0,1037.0,489132.0,6.805,0.6545431857718534,122.49843306991748,116.87206211023975
157,Erie County,NY,2024-12-01,275612.4659555566,0,1366.3513464401362,1,0,950044.0,71175.0,408711.0,267519.0,1037.0,489132.0,6.715,0.6545431857718534,122.78981467332561,117.04402769292366
157,Erie County,NY,2025-01-01,276078.4533624629,0,1368.2937115865702,1,0,950044.0,71175.0,408711.0,267519.0,1037.0,489132.0,6.958,0.6545431857718534,122.99741960561977,117.2104140624188
157,Erie County,NY,2025-02-01,276721.3347930955,0,1369.77135516382,1,0,950044.0,71175.0,408711.0,267519.0,1037.0,489132.0,6.842499999999999,0.6545431857718534,123.2838336887078,117.33699157575496
157,Erie County,NY,2025-03-01,276683.9207856844,0,1369.423548592515,1,0,950044.0,71175.0,408711.0,267519.0,1037.0,489132.0,6.65,0.6545431857718534,123.2671651428194,117.3071978612249
157,Erie County,NY,2025-04-01,277048.22352160246,0,1376.6193575513328,1,0,950044.0,71175.0,408711.0,267519.0,1037.0,489132.0,6.725,0.6545431857718534,123.42946790831036,117.9236033452486
157,Erie County,NY,2025-05-01,277584.1750012777,0,1380.1893154637985,1,0,950044.0,71175.0,408711.0,267519.0,1037.0,489132.0,6.816,0.6545431857718534,123.66824296746834,118.22941213583371
157,Erie County,NY,2025-06-01,278615.2826522251,0,1386.5573382949651,1,0,950044.0,71175.0,408711.0,267519.0,1037.0,489132.0,6.8175,0.6545431857718534,124.12761811557394,118.77490802350722
157,Erie County,NY,2025-07-01,280026.95662352885,0,1388.6158663715096,1,0,950044.0,71175.0,408711.0,267519.0,1037.0,489132.0,6.720000000000001,0.6545431857718534,124.75654171928167,118.951245111201
157,Erie County,NY,2025-08-01,281409.9000136324,0,1393.0010781868727,1,0,950044.0,71175.0,408711.0,267519.0,1037.0,489132.0,6.5875,0.6545431857718534,125.37266538402872,119.32688996601374
157,Erie County,NY,2025-09-01,282742.88731866167,0,1393.0684980064354,1,0,950044.0,71175.0,408711.0,267519.0,1037.0,489132.0,6.3525,0.6545431857718534,125.96653280428117,119.33266526476724
157,Erie County,NY,2025-10-01,283675.3788334816,0,1395.2275312503996,1,0,950044.0,71175.0,408711.0,267519.0,1037.0,489132.0,6.254,0.6545431857718534,126.38197286753163,119.51761179953289
157,Erie County,NY,2025-11-01,284465.22185337055,0,1397.2616747825791,1,0,950044.0,71175.0,408711.0,267519.0,1037.0,489132.0,6.2375,0.6545431857718534,126.73386071736795,119.69186006483604
157,Erie County,NY,2025-12-01,285457.18917789106,0,1401.861077523269,1,0,950044.0,71175.0,408711.0,267519.0,1037.0,489132.0,6.19,0.6545431857718534,127.17579821652122,120.0858528860491
157,Erie County,NY,2026-01-01,286273.0130537747,0,1407.0976217585214,1,0,950044.0,71175.0,408711.0,267519.0,1037.0,489132.0,6.1025,0.6545431857718534,127.53926095823184,120.53442435347067
157,Erie County,NY,2026-02-01,287025.66856168007,0,1412.418306258522,1,0,950044.0,71175.0,408711.0,267519.0,1037.0,489132.0,6.0475,0.6545431857718534,127.87458116955877,120.99020342199937
157,Erie County,NY,2026-03-01,287781.1449319183,0,1418.900849871152,1,0,950044.0,71175.0,408711.0,267519.0,1037.0,489132.0,6.1775,0.6545431857718534,128.21115812071375,121.54550935856834
2949,Lackawanna County,PA,2018-01-01,119662.71149239424,0,792.6754144908082,0,0,211454.0,50875.0,86628.0,56308.0,779.0,103371.0,4.032500000000001,0.649997691277647,71.85262739799886,73.00401401269977
2949,Lackawanna County,PA,2018-02-01,121058.55597446737,0,798.4999469846139,0,0,211454.0,50875.0,86628.0,56308.0,779.0,103371.0,4.33,0.649997691277647,72.69077565843108,73.54044322952917
2949,Lackawanna County,PA,2018-03-01,122558.81885602076,0,792.9094722435866,0,0,211454.0,50875.0,86628.0,56308.0,779.0,103371.0,4.444,0.649997691277647,73.59162295231975,73.02557032080679
2949,Lackawanna County,PA,2018-04-01,123890.65698969718,0,807.4239193270404,0,0,211454.0,50875.0,86628.0,56308.0,779.0,103371.0,4.4675,0.649997691277647,74.39133798451323,74.36232541487983
2949,Lackawanna County,PA,2018-05-01,125009.36915345729,0,808.6567204733973,0,0,211454.0,50875.0,86628.0,56308.0,779.0,103371.0,4.586,0.649997691277647,75.06307947579117,74.47586423608993
2949,Lackawanna County,PA,2018-06-01,125622.84526725482,0,816.7313264414307,0,0,211454.0,50875.0,86628.0,56308.0,779.0,103371.0,4.57,0.649997691277647,75.43144711573946,75.21952126955047
2949,Lackawanna County,PA,2018-07-01,126184.99170997203,0,820.1095917704179,0,0,211454.0,50875.0,86628.0,56308.0,779.0,103371.0,4.5275,0.649997691277647,75.76899336041267,75.53065357529307
2949,Lackawanna County,PA,2018-08-01,126330.86475830794,0,822.2273703073255,0,0,211454.0,50875.0,86628.0,56308.0,779.0,103371.0,4.55,0.649997691277647,75.85658423695867,75.72569726046086
2949,Lackawanna County,PA,2018-09-01,126140.6309463427,0,821.9863461584339,0,0,211454.0,50875.0,86628.0,56308.0,779.0,103371.0,4.6275,0.649997691277647,75.74235651272305,75.7034993595024
2949,Lackawanna County,PA,2018-10-01,125963.47715671091,0,822.1396980174953,0,0,211454.0,50875.0,86628.0,56308.0,779.0,103371.0,4.83,0.649997691277647,75.63598281385056,75.71762279648952
2949,Lackawanna County,PA,2018-11-01,125929.19493241822,0,825.3699984972242,0,0,211454.0,50875.0,86628.0,56308.0,779.0,103371.0,4.866,0.649997691277647,75.61539772215612,76.01512779939016
2949,Lackawanna County,PA,2018-12-01,125972.53966162012,0,829.0685451742784,0,0,211454.0,50875.0,86628.0,56308.0,779.0,103371.0,4.6375,0.649997691277647,75.64142448218996,76.35575745498726
2949,Lackawanna County,PA,2019-01-01,126003.52990930188,0,835.7048626184618,0,0,210652.0,52821.0,87161.0,56028.0,792.0,104006.0,4.464,0.6428104312708666,75.66003287482856,76.96695064053483
2949,Lackawanna County,PA,2019-02-01,126336.95119121464,0,839.1469639430593,0,0,210652.0,52821.0,87161.0,56028.0,792.0,104006.0,4.37,0.6428104312708666,75.8602388942063,77.28396212939937
2949,Lackawanna County,PA,2019-03-01,126647.4050161318,0,849.0302343129003,0,0,210652.0,52821.0,87161.0,56028.0,792.0,104006.0,4.265,0.6428104312708666,76.04665388286779,78.19419397888174
2949,Lackawanna County,PA,2019-04-01,127200.6055023957,0,846.747795937667,0,0,210652.0,52821.0,87161.0,56028.0,792.0,104006.0,4.1425,0.6428104312708666,76.37882844184423,77.98398541168947
2949,Lackawanna County,PA,2019-05-01,127016.7063431734,0,854.0889750347178,0,0,210652.0,52821.0,87161.0,56028.0,792.0,104006.0,4.072,0.6428104312708666,76.26840442084713,78.66009511797462
2949,Lackawanna County,PA,2019-06-01,126959.44463155224,0,858.6754506524113,0,0,210652.0,52821.0,87161.0,56028.0,792.0,104006.0,3.8025,0.6428104312708666,76.23402107470719,79.08250147011069
2949,Lackawanna County,PA,2019-07-01,126781.1837222828,0,854.3369358117546,0,0,210652.0,52821.0,87161.0,56028.0,792.0,104006.0,3.765,0.6428104312708666,76.12698259518737,78.68293187020696
2949,Lackawanna County,PA,2019-08-01,127258.42992758172,0,854.9794752805243,0,0,210652.0,52821.0,87161.0,56028.0,792.0,104006.0,3.616,0.6428104312708666,76.41354967476279,78.74210862720517
2949,Lackawanna County,PA,2019-09-01,128133.21303736366,0,854.9837559833489,0,0,210652.0,52821.0,87161.0,56028.0,792.0,104006.0,3.605,0.6428104312708666,76.93882161668449,78.74250287241989
2949,Lackawanna County,PA,2019-10-01,129144.42974189088,0,864.2455106022277,0,0,210652.0,52821.0,87161.0,56028.0,792.0,104006.0,3.688,0.6428104312708666,77.54601642434723,79.59549421240379
2949,Lackawanna County,PA,2019-11-01,130219.63688514636,0,867.5660415898134,0,0,210652.0,52821.0,87161.0,56028.0,792.0,104006.0,3.695,0.6428104312708666,78.19163490713511,79.90130928666471
2949,Lackawanna County,PA,2019-12-01,131162.47569456472,0,862.5163623645279,0,0,210652.0,52821.0,87161.0,56028.0,792.0,104006.0,3.72,0.6428104312708666,78.75777154924033,79.4362426954936
2949,Lackawanna County,PA,2020-01-01,131674.33269029434,0,860.5826273244605,0,0,210652.0,52821.0,87161.0,56028.0,792.0,104006.0,3.624,0.6428104312708666,79.06512101121166,79.25814909326853
2949,Lackawanna County,PA,2020-02-01,132348.7595220716,0,858.1247381398957,0,0,210652.0,52821.0,87161.0,56028.0,792.0,104006.0,3.4650000000000003,0.6428104312708666,79.4700870966909,79.03178181456734
2949,Lackawanna County,PA,2020-03-01,132978.07402257467,0,873.5057499416245,0,0,210652.0,52821.0,87161.0,56028.0,792.0,104006.0,3.45,0.6428104312708666,79.84796504845099,80.44834599780772
2949,Lackawanna County,PA,2020-04-01,134052.05154317946,0,871.226031854491,0,0,210652.0,52821.0,87161.0,56028.0,792.0,104006.0,3.306,0.6428104312708666,80.4928451924777,80.23838796437356
2949,Lackawanna County,PA,2020-05-01,134299.56041487877,0,892.1848316553996,0,0,210652.0,52821.0,87161.0,56028.0,792.0,104006.0,3.2325,0.6428104312708666,80.64146427785619,82.16865662968567
2949,Lackawanna County,PA,2020-06-01,133990.40568372456,0,895.6302575975199,0,0,210652.0,52821.0,87161.0,56028.0,792.0,104006.0,3.1625,0.6428104312708666,80.4558293425542,82.48597430998718
2949,Lackawanna County,PA,2020-07-01,133780.27972026763,0,916.99271540472,0,0,210652.0,52821.0,87161.0,56028.0,792.0,104006.0,3.016,0.6428104312708666,80.32965718440553,84.45341916899591
2949,Lackawanna County,PA,2020-08-01,134806.39733017902,0,914.630220153383,0,0,210652.0,52821.0,87161.0,56028.0,792.0,104006.0,2.935,0.6428104312708666,80.94579938419326,84.23583750406647
2949,Lackawanna County,PA,2020-09-01,137428.44259664856,0,925.1415995150252,0,0,210652.0,52821.0,87161.0,56028.0,792.0,104006.0,2.89,0.6428104312708666,82.52023171321747,85.20391708895313
2949,Lackawanna County,PA,2020-10-01,140388.73541011466,0,930.7531449426484,0,0,210652.0,52821.0,87161.0,56028.0,792.0,104006.0,2.834,0.6428104312708666,84.29776803896313,85.7207305709182
2949,Lackawanna County,PA,2020-11-01,143561.74903146358,0,941.6073721466328,0,0,210652.0,52821.0,87161.0,56028.0,792.0,104006.0,2.765,0.6428104312708666,86.20303462217983,86.72038584016322
2949,Lackawanna County,PA,2020-12-01,146500.20898834418,0,961.7647056011638,0,0,210652.0,52821.0,87161.0,56028.0,792.0,104006.0,2.684,0.6428104312708666,87.967461198951,88.57684086206967
2949,Lackawanna County,PA,2021-01-01,149378.4062826479,0,972.2462409346498,0,0,215529.0,58366.0,87217.0,56921.0,844.0,106355.0,2.735,0.6526365272825252,89.69570247968345,89.54217186435888
2949,Lackawanna County,PA,2021-02-01,151826.18417660982,0,982.8597392966368,0,0,215529.0,58366.0,87217.0,56921.0,844.0,106355.0,2.81,0.6526365272825252,91.16549428679191,90.51965642989191
2949,Lackawanna County,PA,2021-03-01,153052.06284288832,0,992.6423982399124,0,0,215529.0,58366.0,87217.0,56921.0,844.0,106355.0,3.0825,0.6526365272825252,91.90158493645819,91.42062214362623
2949,Lackawanna County,PA,2021-04-01,153924.64153205368,0,1003.1745552623104,0,0,215529.0,58366.0,87217.0,56921.0,844.0,106355.0,3.06,0.6526365272825252,92.42553321279335,92.39061531459016
2949,Lackawanna County,PA,2021-05-01,154480.0835917732,0,1008.160885086784,0,0,215529.0,58366.0,87217.0,56921.0,844.0,106355.0,2.9625,0.6526365272825252,92.75905374613629,92.84984753716597
2949,Lackawanna County,PA,2021-06-01,155797.99447792873,0,1017.2610769444524,0,0,215529.0,58366.0,87217.0,56921.0,844.0,106355.0,2.975,0.6526365272825252,93.55040602844453,93.68795923049034
2949,Lackawanna County,PA,2021-07-01,157335.16923104585,0,1033.1771242584766,0,0,215529.0,58366.0,87217.0,56921.0,844.0,106355.0,2.868,0.6526365272825252,94.47341741105352,95.15379924507717
2949,Lackawanna County,PA,2021-08-01,159026.23838540525,0,1047.9726066058367,0,0,215529.0,58366.0,87217.0,56921.0,844.0,106355.0,2.8425,0.6526365272825252,95.48883616880211,96.51643719355594
2949,Lackawanna County,PA,2021-09-01,160587.94958310228,0,1056.8841006161676,0,0,215529.0,58366.0,87217.0,56921.0,844.0,106355.0,2.9,0.6526365272825252,96.42658069583081,97.33717014642822
2949,Lackawanna County,PA,2021-10-01,161847.7776749906,0,1068.4976439628822,0,0,215529.0,58366.0,87217.0,56921.0,844.0,106355.0,3.0675,0.6526365272825252,97.18305660501775,98.40675709932401
2949,Lackawanna County,PA,2021-11-01,163584.28234665375,0,1077.9912732870189,0,0,215529.0,58366.0,87217.0,56921.0,844.0,106355.0,3.0675,0.6526365272825252,98.22575755664901,99.28110369257097
2949,Lackawanna County,PA,2021-12-01,164913.11411448003,0,1085.5939792079778,0,0,215529.0,58366.0,87217.0,56921.0,844.0,106355.0,3.098,0.6526365272825252,99.02366738751822,99.98129956018805
2949,Lackawanna County,PA,2022-01-01,166539.08955836864,0,1085.797028027684,0,0,215672.0,63739.0,87896.0,57476.0,917.0,107611.0,3.4450000000000003,0.6539091653772641,100.0,100.0
2949,Lackawanna County,PA,2022-02-01,168624.11418353213,0,1100.6681849999884,0,0,215672.0,63739.0,87896.0,57476.0,917.0,107611.0,3.7625,0.6539091653772641,101.25197311375523,101.36960744857788
2949,Lackawanna County,PA,2022-03-01,171553.45560967308,0,1121.8039960800315,0,0,215672.0,63739.0,87896.0,57476.0,917.0,107611.0,4.172,0.6539091653772641,103.01092438093761,103.31617854192812
2949,Lackawanna County,PA,2022-04-01,173971.60669136507,0,1142.2548408099951,0,0,215672.0,63739.0,87896.0,57476.0,917.0,107611.0,4.9825,0.6539091653772641,104.4629264833296,105.19966543699837
2949,Lackawanna County,PA,2022-05-01,174913.92658106462,0,1145.5714698809456,0,0,215672.0,63739.0,87896.0,57476.0,917.0,107611.0,5.23,0.6539091653772641,105.02875153509277,105.5051211515876
2949,Lackawanna County,PA,2022-06-01,174898.7459209644,0,1152.2192085263007,0,0,215672.0,63739.0,87896.0,57476.0,917.0,107611.0,5.522,0.6539091653772641,105.01963616155466,106.11736620971143
2949,Lackawanna County,PA,2022-07-01,174178.2841459388,0,1143.2459284929728,0,0,215672.0,63739.0,87896.0,57476.0,917.0,107611.0,5.4125,0.6539091653772641,104.5870279511122,105.29094287259588
2949,Lackawanna County,PA,2022-08-01,172873.73932450634,0,1155.1859042070923,0,0,215672.0,63739.0,87896.0,57476.0,917.0,107611.0,5.2225,0.6539091653772641,103.80370145107436,106.39059367342817
2949,Lackawanna County,PA,2022-09-01,171582.09836968445,0,1152.758371877609,0,0,215672.0,63739.0,87896.0,57476.0,917.0,107611.0,6.112,0.6539091653772641,103.02812320199958,106.16702220778392
2949,Lackawanna County,PA,2022-10-01,171308.66194184733,0,1159.5996645909595,1,0,215672.0,63739.0,87896.0,57476.0,917.0,107611.0,6.9,0.6539091653772641,102.86393566587083,106.79709325575661
2949,Lackawanna County,PA,2022-11-01,171906.77297376096,0,1159.0510787863864,1,0,215672.0,63739.0,87896.0,57476.0,917.0,107611.0,6.805,0.6539091653772641,103.22307719444512,106.746569466281
2949,Lackawanna County,PA,2022-12-01,173005.19832319065,0,1161.585801119381,1,0,215672.0,63739.0,87896.0,57476.0,917.0,107611.0,6.364,0.6539091653772641,103.88263727270815,106.98001294306034
2949,Lackawanna County,PA,2023-01-01,175816.90923281774,0,1172.793987020332,1,0,215834.0,64691.0,88266.0,57698.0,973.0,106323.0,6.2725,0.6536831849183151,105.57095616353625,108.0122671868678
2949,Lackawanna County,PA,2023-02-01,179303.33763114127,0,1178.0440547074363,1,0,215834.0,64691.0,88266.0,57698.0,973.0,106323.0,6.2575,0.6536831849183151,107.66441566758958,108.49578920356008
2949,Lackawanna County,PA,2023-03-01,183441.77948267863,0,1181.1504502488813,1,0,215834.0,64691.0,88266.0,57698.0,973.0,106323.0,6.544,0.6536831849183151,110.14938292813588,108.78188277917869
2949,Lackawanna County,PA,2023-04-01,185670.83012444933,0,1182.6880310866936,1,0,215834.0,64691.0,88266.0,57698.0,973.0,106323.0,6.342499999999999,0.6536831849183151,111.48783785044975,108.92349127488487
2949,Lackawanna County,PA,2023-05-01,186196.7232513961,0,1184.0659009463664,1,0,215834.0,64691.0,88266.0,57698.0,973.0,106323.0,6.425,0.6536831849183151,111.80361544257022,109.05039066990122
2949,Lackawanna County,PA,2023-06-01,186197.33696360487,0,1185.8206983192515,1,0,215834.0,64691.0,88266.0,57698.0,973.0,106323.0,6.714,0.6536831849183151,111.80398395197568,109.21200442713103
2949,Lackawanna County,PA,2023-07-01,186361.0545520986,0,1189.2682065578786,1,0,215834.0,64691.0,88266.0,57698.0,973.0,106323.0,6.84,0.6536831849183151,111.90228975449199,109.52951388328503
2949,Lackawanna County,PA,2023-08-01,186460.77701240103,0,1198.661298358746,1,0,215834.0,64691.0,88266.0,57698.0,973.0,106323.0,7.072,0.6536831849183151,111.96216906604995,110.39460114714777
2949,Lackawanna County,PA,2023-09-01,186464.51720215,0,1209.0789505625614,1,0,215834.0,64691.0,88266.0,57698.0,973.0,106323.0,7.2,0.6536831849183151,111.96441489900057,111.35404862535081
2949,Lackawanna County,PA,2023-10-01,185990.11214562203,0,1214.140917070444,1,0,215834.0,64691.0,88266.0,57698.0,973.0,106323.0,7.62,0.6536831849183151,111.67955381456328,111.82024685367692
2949,Lackawanna County,PA,2023-11-01,185912.94301598505,0,1219.2931156503462,1,0,215834.0,64691.0,88266.0,57698.0,973.0,106323.0,7.442,0.6536831849183151,111.63321686757887,112.29475529741995
2949,Lackawanna County,PA,2023-12-01,186009.07080779123,0,1226.9260815339903,1,0,215834.0,64691.0,88266.0,57698.0,973.0,106323.0,6.815,0.6536831849183151,111.69093772582369,112.9977380544744
2949,Lackawanna County,PA,2024-01-01,187887.24093667849,0,1228.7426429864568,1,0,215834.0,64691.0,88266.0,57698.0,973.0,106323.0,6.6425,0.6536831849183151,112.81870306540121,113.16504017499743
2949,Lackawanna County,PA,2024-02-01,190088.6113757499,0,1234.258108183902,1,0,215834.0,64691.0,88266.0,57698.0,973.0,106323.0,6.776000000000001,0.6536831849183151,114.14053714346002,113.67300483644654
2949,Lackawanna County,PA,2024-03-01,192376.40273940732,0,1228.2425659599664,1,0,215834.0,64691.0,88266.0,57698.0,973.0,106323.0,6.82,0.6536831849183151,115.51426349786979,113.11898395881873
2949,Lackawanna County,PA,2024-04-01,194420.5122248883,0,1228.6908976422872,1,0,215834.0,64691.0,88266.0,57698.0,973.0,106323.0,6.9925,0.6536831849183151,116.74166872201364,113.16027451964621
2949,Lackawanna County,PA,2024-05-01,196302.8969510808,0,1226.5045927531255,1,0,215834.0,64691.0,88266.0,57698.0,973.0,106323.0,7.06,0.6536831849183151,117.8719647571272,112.95891967774422
2949,Lackawanna County,PA,2024-06-01,197796.08042639983,0,1236.3384347802405,1,0,215834.0,64691.0,88266.0,57698.0,973.0,106323.0,6.9175,0.6536831849183151,118.76856115337188,113.86459926364047
2949,Lackawanna County,PA,2024-07-01,198406.0839391904,0,1252.2989848640752,1,0,215834.0,64691.0,88266.0,57698.0,973.0,106323.0,6.8475,0.6536831849183151,119.13484363660642,115.33453790519548
2949,Lackawanna County,PA,2024-08-01,199920.54404934435,0,1254.5155785262489,1,0,215834.0,64691.0,88266.0,57698.0,973.0,106323.0,6.5,0.6536831849183151,120.04421579311936,115.53868228991534
2949,Lackawanna County,PA,2024-09-01,200812.19466556943,0,1256.385251511652,1,0,215834.0,64691.0,88266.0,57698.0,973.0,106323.0,6.18,0.6536831849183151,120.57961599170912,115.7108758893765
2949,Lackawanna County,PA,2024-10-01,201975.5429546143,0,1264.034447607739,1,0,215834.0,64691.0,88266.0,57698.0,973.0,106323.0,6.428,0.6536831849183151,121.27815967423426,116.4153534205023
2949,Lackawanna County,PA,2024-11-01,203665.45772713085,0,1274.2433325413804,1,0,215834.0,64691.0,88266.0,57698.0,973.0,106323.0,6.805,0.6536831849183151,122.29288527228927,117.35557379964496
2949,Lackawanna County,PA,2024-12-01,204900.74342405773,0,1273.4133419673774,1,0,215834.0,64691.0,88266.0,57698.0,973.0,106323.0,6.715,0.6536831849183151,123.03462446409262,117.2791331249536
2949,Lackawanna County,PA,2025-01-01,205926.3440704902,0,1272.3046509493852,1,0,215834.0,64691.0,88266.0,57698.0,973.0,106323.0,6.958,0.6536831849183151,123.65045624818137,117.17702462867175
2949,Lackawanna County,PA,2025-02-01,206625.86709841585,0,1266.9612980530587,1,0,215834.0,64691.0,88266.0,57698.0,973.0,106323.0,6.842499999999999,0.6536831849183151,124.0704915862997,116.68491120798643
2949,Lackawanna County,PA,2025-03-01,209516.21020050105,0,1274.9180478623275,1,0,215834.0,64691.0,88266.0,57698.0,973.0,106323.0,6.65,0.6536831849183151,125.8060259342716,117.41771389613912
2949,Lackawanna County,PA,2025-04-01,212306.31870849963,0,1279.6136860429117,1,0,215834.0,64691.0,88266.0,57698.0,973.0,106323.0,6.725,0.6536831849183151,127.4813734550233,117.85017392866598
2949,Lackawanna County,PA,2025-05-01,212919.3712892842,0,1290.522563075153,1,0,215834.0,64691.0,88266.0,57698.0,973.0,106323.0,6.816,0.6536831849183151,127.84948678049557,118.85486235114736
2949,Lackawanna County,PA,2025-06-01,212539.2098840308,0,1291.0716261649543,1,0,215834.0,64691.0,88266.0,57698.0,973.0,106323.0,6.8175,0.6536831849183151,127.62121520397771,118.90543009775456
2949,Lackawanna County,PA,2025-07-01,212811.8917336208,0,1289.4458987990815,1,0,215834.0,64691.0,88266.0,57698.0,973.0,106323.0,6.720000000000001,0.6536831849183151,127.78494964633181,118.75570346156861
2949,Lackawanna County,PA,2025-08-01,214103.28742290672,0,1291.2684848612814,1,0,215834.0,64691.0,88266.0,57698.0,973.0,106323.0,6.5875,0.6536831849183151,128.56038062335375,118.923560438071
2949,Lackawanna County,PA,2025-09-01,215032.39168996844,0,1296.4217935313477,1,0,215834.0,64691.0,88266.0,57698.0,973.0,106323.0,6.3525,0.6536831849183151,129.1182702272453,119.39817111916919
2949,Lackawanna County,PA,2025-10-01,214952.19893447863,0,1298.104176072573,1,0,215834.0,64691.0,88266.0,57698.0,973.0,106323.0,6.254,0.6536831849183151,129.07011771500177,119.55311559753834
2949,Lackawanna County,PA,2025-11-01,215258.24482177672,0,1299.8764828877872,1,0,215834.0,64691.0,88266.0,57698.0,973.0,106323.0,6.2375,0.6536831849183151,129.253885915074,119.7163419436662
2949,Lackawanna County,PA,2025-12-01,215670.0016384877,0,1308.855486651097,1,0,215834.0,64691.0,88266.0,57698.0,973.0,106323.0,6.19,0.6536831849183151,129.50112926064705,120.5432924262642
2949,Lackawanna County,PA,2026-01-01,216683.7024254497,0,1319.7240664547,1,0,215834.0,64691.0,88266.0,57698.0,973.0,106323.0,6.1025,0.6536831849183151,130.109815659528,121.54426954473591
2949,Lackawanna County,PA,2026-02-01,219066.92982716687,0,1333.4014454536282,1,0,215834.0,64691.0,88266.0,57698.0,973.0,106323.0,6.0475,0.6536831849183151,131.5408475019844,122.80393213782412
2949,Lackawanna County,PA,2026-03-01,219838.7316218666,0,1343.2001548586911,1,0,215834.0,64691.0,88266.0,57698.0,973.0,106323.0,6.1775,0.6536831849183151,132.0042833216147,123.70637607091001
616,Lucas County,OH,2018-01-01,97090.6240194912,0,728.1465213636529,0,0,432379.0,46924.0,179065.0,107392.0,723.0,216781.0,4.032500000000001,0.5997375254795745,73.35995309498725,78.19671210437191
616,Lucas County,OH,2018-02-01,97680.68652198646,0,730.824791812895,0,0,432379.0,46924.0,179065.0,107392.0,723.0,216781.0,4.33,0.5997375254795745,73.80579385400301,78.48433545642034
616,Lucas County,OH,2018-03-01,98102.43752754728,0,734.4616623084801,0,0,432379.0,46924.0,179065.0,107392.0,723.0,216781.0,4.444,0.5997375254795745,74.12446143182696,78.87490425920957
616,Lucas County,OH,2018-04-01,98609.98954082884,0,734.9669402107475,0,0,432379.0,46924.0,179065.0,107392.0,723.0,216781.0,4.4675,0.5997375254795745,74.50795872895141,78.92916678673262
616,Lucas County,OH,2018-05-01,99161.25400681708,0,735.6227376383395,0,0,432379.0,46924.0,179065.0,107392.0,723.0,216781.0,4.586,0.5997375254795745,74.9244843798702,78.99959382461527
616,Lucas County,OH,2018-06-01,99665.92765928124,0,735.6049797928933,0,0,432379.0,46924.0,179065.0,107392.0,723.0,216781.0,4.57,0.5997375254795745,75.30580683862392,78.9976867838107
616,Lucas County,OH,2018-07-01,100299.14741453156,0,737.7025472458778,0,0,432379.0,46924.0,179065.0,107392.0,723.0,216781.0,4.5275,0.5997375254795745,75.78425645219998,79.22294759798497
616,Lucas County,OH,2018-08-01,100897.2862905063,0,743.8877013567203,0,0,432379.0,46924.0,179065.0,107392.0,723.0,216781.0,4.55,0.5997375254795745,76.23619957573975,79.88718027799688
616,Lucas County,OH,2018-09-01,101396.8323390453,0,745.4726490484408,0,0,432379.0,46924.0,179065.0,107392.0,723.0,216781.0,4.6275,0.5997375254795745,76.61364770793273,80.057390111751
616,Lucas County,OH,2018-10-01,101443.69718681384,0,748.5000901608557,0,0,432379.0,46924.0,179065.0,107392.0,723.0,216781.0,4.83,0.5997375254795745,76.64905795551147,80.3825114082685
616,Lucas County,OH,2018-11-01,101369.41056184408,0,748.276439767848,0,0,432379.0,46924.0,179065.0,107392.0,723.0,216781.0,4.866,0.5997375254795745,76.59292829954929,80.35849326785178
616,Lucas County,OH,2018-12-01,101408.23176220155,0,749.7305134645394,0,0,432379.0,46924.0,179065.0,107392.0,723.0,216781.0,4.6375,0.5997375254795745,76.62226090984073,80.51464835326752
616,Lucas County,OH,2019-01-01,101902.25163877262,0,752.32649512134,0,0,431102.0,48736.0,179930.0,107464.0,745.0,215903.0,4.464,0.5972544878563886,76.99553356453052,80.79343459242293
616,Lucas County,OH,2019-02-01,102974.46991379444,0,755.1940611531548,0,0,431102.0,48736.0,179930.0,107464.0,745.0,215903.0,4.37,0.5972544878563886,77.80568267169248,81.10138667191671
616,Lucas County,OH,2019-03-01,104193.73370189453,0,756.9025773804675,0,0,431102.0,48736.0,179930.0,107464.0,745.0,215903.0,4.265,0.5972544878563886,78.7269367599089,81.28486671011372
616,Lucas County,OH,2019-04-01,105190.75757469612,0,758.3051096793664,0,0,431102.0,48736.0,179930.0,107464.0,745.0,215903.0,4.1425,0.5972544878563886,79.48027031072247,81.43548668998903
616,Lucas County,OH,2019-05-01,105677.63599143316,0,760.3836082081875,0,0,431102.0,48736.0,179930.0,107464.0,745.0,215903.0,4.072,0.5972544878563886,79.84814700505311,81.65869966471176
616,Lucas County,OH,2019-06-01,106057.58275054938,0,764.8196735723219,0,0,431102.0,48736.0,179930.0,107464.0,745.0,215903.0,3.8025,0.5972544878563886,80.13522803588224,82.1350951647627
616,Lucas County,OH,2019-07-01,106269.86181172715,0,767.143415368379,0,0,431102.0,48736.0,179930.0,107464.0,745.0,215903.0,3.765,0.5972544878563886,80.29562232861974,82.3846451700156
616,Lucas County,OH,2019-08-01,106384.04430274754,0,768.4287538539779,0,0,431102.0,48736.0,179930.0,107464.0,745.0,215903.0,3.616,0.5972544878563886,80.38189659320624,82.52267953613028
616,Lucas County,OH,2019-09-01,106272.89823546482,0,770.5120085155554,0,0,431102.0,48736.0,179930.0,107464.0,745.0,215903.0,3.605,0.5972544878563886,80.29791659652894,82.746403278855
616,Lucas County,OH,2019-10-01,106576.18612116552,0,771.8727986974495,0,0,431102.0,48736.0,179930.0,107464.0,745.0,215903.0,3.688,0.5972544878563886,80.52707554255461,82.89254051218099
616,Lucas County,OH,2019-11-01,107175.25743996708,0,774.448650033778,0,0,431102.0,48736.0,179930.0,107464.0,745.0,215903.0,3.695,0.5972544878563886,80.97972320335255,83.16916492699427
616,Lucas County,OH,2019-12-01,108028.80823794405,0,776.57582910156,0,0,431102.0,48736.0,179930.0,107464.0,745.0,215903.0,3.72,0.5972544878563886,81.62465104408007,83.39760577547388
616,Lucas County,OH,2020-01-01,108943.17154523057,0,778.3995576430891,0,0,431102.0,48736.0,179930.0,107464.0,745.0,215903.0,3.624,0.5972544878563886,82.31552773801141,83.59345863136805
616,Lucas County,OH,2020-02-01,109950.77232572928,0,779.5714335983698,0,0,431102.0,48736.0,179930.0,107464.0,745.0,215903.0,3.4650000000000003,0.5972544878563886,83.0768530126437,83.71930809161887
616,Lucas County,OH,2020-03-01,110971.5950213195,0,788.5129515259334,0,0,431102.0,48736.0,179930.0,107464.0,745.0,215903.0,3.45,0.5972544878563886,83.84816853175873,84.67955068379432
616,Lucas County,OH,2020-04-01,111595.1947307932,0,789.3960633818677,0,0,431102.0,48736.0,179930.0,107464.0,745.0,215903.0,3.306,0.5972544878563886,84.3193494094082,84.77438934816797
616,Lucas County,OH,2020-05-01,111719.68508662244,0,790.2960677628312,0,0,431102.0,48736.0,179930.0,107464.0,745.0,215903.0,3.2325,0.5972544878563886,84.41341211377993,84.87104212533029
616,Lucas County,OH,2020-06-01,111648.45701275716,0,793.6714463138145,0,0,431102.0,48736.0,179930.0,107464.0,745.0,215903.0,3.1625,0.5972544878563886,84.35959344477276,85.23352892853606
616,Lucas County,OH,2020-07-01,111882.6508842576,0,796.3435069211042,0,0,431102.0,48736.0,179930.0,107464.0,745.0,215903.0,3.016,0.5972544878563886,84.53654617941537,85.52048539664136
616,Lucas County,OH,2020-08-01,112971.84072598582,0,795.3119807672767,0,0,431102.0,48736.0,179930.0,107464.0,745.0,215903.0,2.935,0.5972544878563886,85.35951870130047,85.40970830533846
616,Lucas County,OH,2020-09-01,114679.82696051669,0,801.0518815874859,0,0,431102.0,48736.0,179930.0,107464.0,745.0,215903.0,2.89,0.5972544878563886,86.65004279997054,86.02612458801873
616,Lucas County,OH,2020-10-01,116756.51562526666,0,809.58894020483,0,0,431102.0,48736.0,179930.0,107464.0,745.0,215903.0,2.834,0.5972544878563886,88.21915191403252,86.94293170764679
616,Lucas County,OH,2020-11-01,118903.1466349414,0,816.345641877353,0,0,431102.0,48736.0,179930.0,107464.0,745.0,215903.0,2.765,0.5972544878563886,89.8411082231234,87.66854371012114
616,Lucas County,OH,2020-12-01,120932.59300729875,0,819.000811184702,0,0,431102.0,48736.0,179930.0,107464.0,745.0,215903.0,2.684,0.5972544878563886,91.37452189914467,87.9536861970018
616,Lucas County,OH,2021-01-01,122923.66893193148,0,820.9965172161945,0,0,431212.0,53176.0,179358.0,109694.0,803.0,216653.0,2.735,0.6115924575430145,92.87894354556742,88.16800796523233
616,Lucas County,OH,2021-02-01,125027.21853363403,0,827.3788424936067,0,0,431212.0,53176.0,179358.0,109694.0,803.0,216653.0,2.81,0.6115924575430145,94.46834830707046,88.85341514308935
616,Lucas County,OH,2021-03-01,127044.71338073416,0,834.954116558014,0,0,431212.0,53176.0,179358.0,109694.0,803.0,216653.0,3.0825,0.6115924575430145,95.99273162263067,89.66693482319002
616,Lucas County,OH,2021-04-01,128834.21257275298,0,845.2471562496407,0,0,431212.0,53176.0,179358.0,109694.0,803.0,216653.0,3.06,0.6115924575430145,97.34484546591655,90.77231929984403
616,Lucas County,OH,2021-05-01,130335.00239132764,0,855.1027210346365,0,0,431212.0,53176.0,179358.0,109694.0,803.0,216653.0,2.9625,0.6115924575430145,98.47881562841101,91.83072271111764
616,Lucas County,OH,2021-06-01,131943.37572146385,0,862.3208224975327,0,0,431212.0,53176.0,179358.0,109694.0,803.0,216653.0,2.975,0.6115924575430145,99.69407398368055,92.60588510697335
616,Lucas County,OH,2021-07-01,132838.42651995024,0,876.0412973153321,0,0,431212.0,53176.0,179358.0,109694.0,803.0,216653.0,2.868,0.6115924575430145,100.3703584885717,94.07934681802217
616,Lucas County,OH,2021-08-01,132898.52002688963,0,889.4229339008173,0,0,431212.0,53176.0,179358.0,109694.0,803.0,216653.0,2.8425,0.6115924575430145,100.4157640763399,95.51642019935323
616,Lucas County,OH,2021-09-01,132199.28497556344,0,904.6414816496834,0,0,431212.0,53176.0,179358.0,109694.0,803.0,216653.0,2.9,0.6115924575430145,99.88743447617827,97.15076213747861
616,Lucas County,OH,2021-10-01,131585.5071841003,0,909.8070975624807,0,0,431212.0,53176.0,179358.0,109694.0,803.0,216653.0,3.0675,0.6115924575430145,99.42367486553408,97.70550513016406
616,Lucas County,OH,2021-11-01,131151.68661563963,0,917.8723194915588,0,0,431212.0,53176.0,179358.0,109694.0,803.0,216653.0,3.0675,0.6115924575430145,99.09588774010037,98.57164102279302
616,Lucas County,OH,2021-12-01,131096.26708234192,0,923.5186633548938,0,0,431212.0,53176.0,179358.0,109694.0,803.0,216653.0,3.098,0.6115924575430145,99.05401372389824,99.17801008804189
616,Lucas County,OH,2022-01-01,132348.26349163175,0,931.1728099152944,0,0,430014.0,57265.0,181383.0,111632.0,879.0,216270.0,3.4450000000000003,0.6154490773666771,100.0,100.0
616,Lucas County,OH,2022-02-01,134758.51974794033,0,939.2127511605348,0,0,430014.0,57265.0,181383.0,111632.0,879.0,216270.0,3.7625,0.6154490773666771,101.82114686866366,100.86342096328734
616,Lucas County,OH,2022-03-01,137556.19462514468,0,949.3376667961444,0,0,430014.0,57265.0,181383.0,111632.0,879.0,216270.0,4.172,0.6154490773666771,103.9350203743642,101.95075035347116
616,Lucas County,OH,2022-04-01,140000.18565564428,0,959.1493812514578,0,0,430014.0,57265.0,181383.0,111632.0,879.0,216270.0,4.9825,0.6154490773666771,105.7816566399425,103.00444461417516
616,Lucas County,OH,2022-05-01,141731.89942093354,0,971.8778848863489,0,0,430014.0,57265.0,181383.0,111632.0,879.0,216270.0,5.23,0.6154490773666771,107.09010883992075,104.37137709967685
616,Lucas County,OH,2022-06-01,143160.0874605591,0,985.6328761799276,0,0,430014.0,57265.0,181383.0,111632.0,879.0,216270.0,5.522,0.6154490773666771,108.16922238621662,105.8485455851731
616,Lucas County,OH,2022-07-01,143890.48748182782,0,987.497664638019,0,0,430014.0,57265.0,181383.0,111632.0,879.0,216270.0,5.4125,0.6154490773666771,108.72109968479175,106.04880792512063
616,Lucas County,OH,2022-08-01,144095.7535547278,0,988.295092432983,0,0,430014.0,57265.0,181383.0,111632.0,879.0,216270.0,5.2225,0.6154490773666771,108.87619508799888,106.13444485378442
616,Lucas County,OH,2022-09-01,143884.60972347492,0,980.9842063105914,0,0,430014.0,57265.0,181383.0,111632.0,879.0,216270.0,6.112,0.6154490773666771,108.71665855485335,105.34931817863412
616,Lucas County,OH,2022-10-01,143784.66836013857,0,984.3035002520796,1,0,430014.0,57265.0,181383.0,111632.0,879.0,216270.0,6.9,0.6154490773666771,108.64114463370343,105.70578197419859
616,Lucas County,OH,2022-11-01,143523.0779540404,0,988.359057727076,1,0,430014.0,57265.0,181383.0,111632.0,879.0,216270.0,6.805,0.6154490773666771,108.44349156354079,106.14131417958646
616,Lucas County,OH,2022-12-01,143075.28593552613,0,993.5617052833874,1,0,430014.0,57265.0,181383.0,111632.0,879.0,216270.0,6.364,0.6154490773666771,108.1051478583039,106.70003405423408
616,Lucas County,OH,2023-01-01,142081.36248920206,0,998.5540265216304,1,0,428748.0,60095.0,182146.0,112307.0,911.0,216171.0,6.2725,0.6165768120079497,107.35415693473433,107.23616668021754
616,Lucas County,OH,2023-02-01,141616.62857752488,0,1003.2732450596106,1,0,428748.0,60095.0,182146.0,112307.0,911.0,216171.0,6.2575,0.6165768120079497,107.00301223557736,107.7429704107098
616,Lucas County,OH,2023-03-01,141690.4460263758,0,1011.1353567842834,1,0,428748.0,60095.0,182146.0,112307.0,911.0,216171.0,6.544,0.6165768120079497,107.05878739038745,108.58729400359778
616,Lucas County,OH,2023-04-01,142601.0910808264,0,1014.613082446746,1,0,428748.0,60095.0,182146.0,112307.0,911.0,216171.0,6.342499999999999,0.6165768120079497,107.74685463843878,108.96077201170016
616,Lucas County,OH,2023-05-01,143896.25701979242,0,1014.4126056591604,1,0,428748.0,60095.0,182146.0,112307.0,911.0,216171.0,6.425,0.6165768120079497,108.72545904532464,108.93924251841482
616,Lucas County,OH,2023-06-01,145692.3589879827,0,1010.5743093280022,1,0,428748.0,60095.0,182146.0,112307.0,911.0,216171.0,6.714,0.6165768120079497,110.08256182915062,108.52704230269896
616,Lucas County,OH,2023-07-01,147563.3417769916,0,1018.8145672268508,1,0,428748.0,60095.0,182146.0,112307.0,911.0,216171.0,6.84,0.6165768120079497,111.496243232781,109.41197556225131
616,Lucas County,OH,2023-08-01,149128.266927628,0,1024.8071382900762,1,0,428748.0,60095.0,182146.0,112307.0,911.0,216171.0,7.072,0.6165768120079497,112.67867291440301,110.05552646917378
616,Lucas County,OH,2023-09-01,150297.0358940706,0,1033.8167977761022,1,0,428748.0,60095.0,182146.0,112307.0,911.0,216171.0,7.2,0.6165768120079497,113.56177401116693,111.02308688224532
616,Lucas County,OH,2023-10-01,151328.6261380861,0,1033.2144595098334,1,0,428748.0,60095.0,182146.0,112307.0,911.0,216171.0,7.62,0.6165768120079497,114.34122529885288,110.95840090131298
616,Lucas County,OH,2023-11-01,152285.16704147932,0,1034.9293381785892,1,0,428748.0,60095.0,182146.0,112307.0,911.0,216171.0,7.442,0.6165768120079497,115.06397063616038,111.14256421133402
616,Lucas County,OH,2023-12-01,152935.01697001865,0,1040.4879173053807,1,0,428748.0,60095.0,182146.0,112307.0,911.0,216171.0,6.815,0.6165768120079497,115.5549857136498,111.73950809410236
616,Lucas County,OH,2024-01-01,153408.0548747283,0,1050.7431993501264,1,0,428748.0,60095.0,182146.0,112307.0,911.0,216171.0,6.6425,0.6165768120079497,115.91240476262699,112.84083772223858
616,Lucas County,OH,2024-02-01,154094.86953882346,0,1054.587378120675,1,0,428748.0,60095.0,182146.0,112307.0,911.0,216171.0,6.776000000000001,0.6165768120079497,116.43134973853792,113.25366966166112
616,Lucas County,OH,2024-03-01,155221.6177415242,0,1058.1615014031042,1,0,428748.0,60095.0,182146.0,112307.0,911.0,216171.0,6.82,0.6165768120079497,117.2827006916783,113.63749995012866
616,Lucas County,OH,2024-04-01,156496.28971046617,0,1060.2070311151556,1,0,428748.0,60095.0,182146.0,112307.0,911.0,216171.0,6.9925,0.6165768120079497,118.2458202183826,113.85717235575198
616,Lucas County,OH,2024-05-01,157664.6950246216,0,1065.2809446263304,1,0,428748.0,60095.0,182146.0,112307.0,911.0,216171.0,7.06,0.6165768120079497,119.12864654592961,114.40206729438711
616,Lucas County,OH,2024-06-01,158441.18648236606,0,1074.6800849647004,1,0,428748.0,60095.0,182146.0,112307.0,911.0,216171.0,6.9175,0.6165768120079497,119.71534971623119,115.41145462166796
616,Lucas County,OH,2024-07-01,158708.84235211927,0,1080.4636944069025,1,0,428748.0,60095.0,182146.0,112307.0,911.0,216171.0,6.8475,0.6165768120079497,119.91758574312861,116.03256483672334
616,Lucas County,OH,2024-08-01,158540.530421959,0,1088.6612537433891,1,0,428748.0,60095.0,182146.0,112307.0,911.0,216171.0,6.5,0.6165768120079497,119.79041223459905,116.9129126356708
616,Lucas County,OH,2024-09-01,158584.82438210773,0,1091.3622046059052,1,0,428748.0,60095.0,182146.0,112307.0,911.0,216171.0,6.18,0.6165768120079497,119.82387996510049,117.20297167022979
616,Lucas County,OH,2024-10-01,159162.58577111198,0,1096.472292557626,1,0,428748.0,60095.0,182146.0,112307.0,911.0,216171.0,6.428,0.6165768120079497,120.26042622098754,117.75175143455577
616,Lucas County,OH,2024-11-01,160254.64516445945,0,1096.7712256026653,1,0,428748.0,60095.0,182146.0,112307.0,911.0,216171.0,6.805,0.6165768120079497,121.0855669251695,117.7838542882749
616,Lucas County,OH,2024-12-01,161533.84108749067,0,1099.9275483390802,1,0,428748.0,60095.0,182146.0,112307.0,911.0,216171.0,6.715,0.6165768120079497,122.05210467132748,118.1228163695133
616,Lucas County,OH,2025-01-01,162699.22572350898,0,1103.106328841684,1,0,428748.0,60095.0,182146.0,112307.0,911.0,216171.0,6.958,0.6165768120079497,122.93264862806174,118.4641902228685
616,Lucas County,OH,2025-02-01,163759.78902093013,0,1109.1771819292649,1,0,428748.0,60095.0,182146.0,112307.0,911.0,216171.0,6.842499999999999,0.6165768120079497,123.73399144091111,119.11614795004195
616,Lucas County,OH,2025-03-01,164466.0014788677,0,1112.719601110262,1,0,428748.0,60095.0,182146.0,112307.0,911.0,216171.0,6.65,0.6165768120079497,124.26759304572721,119.4965734890264
616,Lucas County,OH,2025-04-01,164929.02909996497,0,1118.261970367854,1,0,428748.0,60095.0,182146.0,112307.0,911.0,216171.0,6.725,0.6165768120079497,124.61744850199207,120.0917765704068
616,Lucas County,OH,2025-05-01,165256.9684927213,0,1122.6499106574263,1,0,428748.0,60095.0,182146.0,112307.0,911.0,216171.0,6.816,0.6165768120079497,124.86523368942453,120.56300384882908
616,Lucas County,OH,2025-06-01,165364.107734713,0,1125.312999762576,1,0,428748.0,60095.0,182146.0,112307.0,911.0,216171.0,6.8175,0.6165768120079497,124.94618619999409,120.8489968542941
616,Lucas County,OH,2025-07-01,165713.4194003212,0,1126.8905774580896,1,0,428748.0,60095.0,182146.0,112307.0,911.0,216171.0,6.720000000000001,0.6165768120079497,125.21011989764347,121.01841521345528
616,Lucas County,OH,2025-08-01,166079.99925905242,0,1127.8201813680605,1,0,428748.0,60095.0,182146.0,112307.0,911.0,216171.0,6.5875,0.6165768120079497,125.48710113567414,121.1182467270124
616,Lucas County,OH,2025-09-01,166864.2121258266,0,1133.0450467913015,1,0,428748.0,60095.0,182146.0,112307.0,911.0,216171.0,6.3525,0.6165768120079497,126.07963846565863,121.67935261064709
616,Lucas County,OH,2025-10-01,167797.04305614767,0,1139.1538348442457,1,0,428748.0,60095.0,182146.0,112307.0,911.0,216171.0,6.254,0.6165768120079497,126.78446896793422,122.33538422882759
616,Lucas County,OH,2025-11-01,168883.3618389997,0,1147.407620225781,1,0,428748.0,60095.0,182146.0,112307.0,911.0,216171.0,6.2375,0.6165768120079497,127.60527216866583,123.22177022438584
616,Lucas County,OH,2025-12-01,170129.53232911392,0,1151.115223555659,1,0,428748.0,60095.0,182146.0,112307.0,911.0,216171.0,6.19,0.6165768120079497,128.5468564835919,123.61993512894476
616,Lucas County,OH,2026-01-01,171226.5802754774,0,1152.2537679971017,1,0,428748.0,60095.0,182146.0,112307.0,911.0,216171.0,6.1025,0.6165768120079497,129.37576644993447,123.74220506953144
616,Lucas County,OH,2026-02-01,172009.67571439318,0,1154.37336017425,1,0,428748.0,60095.0,182146.0,112307.0,911.0,216171.0,6.0475,0.6165768120079497,129.96745947125268,123.9698311508107
616,Lucas County,OH,2026-03-01,172542.1399948592,0,1157.7854504120487,1,0,428748.0,60095.0,182146.0,112307.0,911.0,216171.0,6.1775,0.6165768120079497,130.3697800355113,124.33626047536424
1223,Monroe County,NY,2018-01-01,150056.948996335,0,983.1849329346742,0,0,744248.0,57479.0,300796.0,191759.0,902.0,390194.0,4.032500000000001,0.6375051529940557,74.03132331439653,80.2485894402023
1223,Monroe County,NY,2018-02-01,149995.5135530813,0,983.81854196104,0,0,744248.0,57479.0,300796.0,191759.0,902.0,390194.0,4.33,0.6375051529940557,74.00101384060743,80.30030527607323
1223,Monroe County,NY,2018-03-01,150133.61776496618,0,985.6532751218264,0,0,744248.0,57479.0,300796.0,191759.0,902.0,390194.0,4.444,0.6375051529940557,74.06914822311695,80.45005812848198
1223,Monroe County,NY,2018-04-01,150139.29444036016,0,983.4586283016718,0,0,744248.0,57479.0,300796.0,191759.0,902.0,390194.0,4.4675,0.6375051529940557,74.07194883844502,80.27092874423568
1223,Monroe County,NY,2018-05-01,150215.42022169885,0,986.8398722814652,0,0,744248.0,57479.0,300796.0,191759.0,902.0,390194.0,4.586,0.6375051529940557,74.10950586175211,80.54690943804238
1223,Monroe County,NY,2018-06-01,150406.1084501676,0,988.816114706246,0,0,744248.0,57479.0,300796.0,191759.0,902.0,390194.0,4.57,0.6375051529940557,74.20358282378847,80.70821242557614
1223,Monroe County,NY,2018-07-01,151182.31838951833,0,991.5570868812796,0,0,744248.0,57479.0,300796.0,191759.0,902.0,390194.0,4.5275,0.6375051529940557,74.58652976069656,80.931933460524
1223,Monroe County,NY,2018-08-01,152274.77903396598,0,995.1122729743868,0,0,744248.0,57479.0,300796.0,191759.0,902.0,390194.0,4.55,0.6375051529940557,75.12550051625507,81.22211149276632
1223,Monroe County,NY,2018-09-01,153332.9392511663,0,998.7981209045306,0,0,744248.0,57479.0,300796.0,191759.0,902.0,390194.0,4.6275,0.6375051529940557,75.64754898973098,81.5229542817239
1223,Monroe County,NY,2018-10-01,154012.86720322885,0,1001.8443058168808,0,0,744248.0,57479.0,300796.0,191759.0,902.0,390194.0,4.83,0.6375051529940557,75.98299474140268,81.77158710165581
1223,Monroe County,NY,2018-11-01,154538.83609101028,0,997.9884760611634,0,0,744248.0,57479.0,300796.0,191759.0,902.0,390194.0,4.866,0.6375051529940557,76.24248404226546,81.45687021711784
1223,Monroe County,NY,2018-12-01,154903.58563412193,0,1003.5733801382422,0,0,744248.0,57479.0,300796.0,191759.0,902.0,390194.0,4.6375,0.6375051529940557,76.42243499778927,81.9127159683405
1223,Monroe County,NY,2019-01-01,155525.66753830403,0,1003.175233960819,0,0,743341.0,60075.0,301948.0,191783.0,927.0,389606.0,4.464,0.6351524103488018,76.72934212128186,81.88021885812356
1223,Monroe County,NY,2019-02-01,156346.92786435492,0,1010.0930298286116,0,0,743341.0,60075.0,301948.0,191783.0,927.0,389606.0,4.37,0.6351524103488018,77.13451488488806,82.44485664073133
1223,Monroe County,NY,2019-03-01,157275.20133449204,0,1012.8239847041422,0,0,743341.0,60075.0,301948.0,191783.0,927.0,389606.0,4.265,0.6351524103488018,77.59248310196527,82.66776005314635
1223,Monroe County,NY,2019-04-01,157920.1164021738,0,1018.6948712989428,0,0,743341.0,60075.0,301948.0,191783.0,927.0,389606.0,4.1425,0.6351524103488018,77.91065507737335,83.1469479985819
1223,Monroe County,NY,2019-05-01,158414.86705485205,0,1024.6416848641386,0,0,743341.0,60075.0,301948.0,191783.0,927.0,389606.0,4.072,0.6351524103488018,78.15474271059138,83.63233318328604
1223,Monroe County,NY,2019-06-01,159030.70207292025,0,1029.6967304841153,0,0,743341.0,60075.0,301948.0,191783.0,927.0,389606.0,3.8025,0.6351524103488018,78.45856790253265,84.04493132934199
1223,Monroe County,NY,2019-07-01,159709.97954935647,0,1032.3962356340528,0,0,743341.0,60075.0,301948.0,191783.0,927.0,389606.0,3.765,0.6351524103488018,78.79369273890039,84.2652677820401
1223,Monroe County,NY,2019-08-01,160387.58028884736,0,1032.4501408291949,0,0,743341.0,60075.0,301948.0,191783.0,927.0,389606.0,3.616,0.6351524103488018,79.12799034896673,84.2696675808254
1223,Monroe County,NY,2019-09-01,161096.60810072822,0,1033.7690409028571,0,0,743341.0,60075.0,301948.0,191783.0,927.0,389606.0,3.605,0.6351524103488018,79.47779265756581,84.37731759353262
1223,Monroe County,NY,2019-10-01,161918.33680658982,0,1037.2192476401558,0,0,743341.0,60075.0,301948.0,191783.0,927.0,389606.0,3.688,0.6351524103488018,79.8831964986225,84.65892710021909
1223,Monroe County,NY,2019-11-01,162875.9084045157,0,1045.1898506723426,0,0,743341.0,60075.0,301948.0,191783.0,927.0,389606.0,3.695,0.6351524103488018,80.35561908909158,85.30949611210536
1223,Monroe County,NY,2019-12-01,163721.07466292265,0,1046.6749144433716,0,0,743341.0,60075.0,301948.0,191783.0,927.0,389606.0,3.72,0.6351524103488018,80.77258596032972,85.43070858074859
1223,Monroe County,NY,2020-01-01,164623.65011695697,0,1049.5971068376596,0,0,743341.0,60075.0,301948.0,191783.0,927.0,389606.0,3.624,0.6351524103488018,81.2178759365699,85.6692210008022
1223,Monroe County,NY,2020-02-01,165418.91476497237,0,1049.6286375124655,0,0,743341.0,60075.0,301948.0,191783.0,927.0,389606.0,3.4650000000000003,0.6351524103488018,81.61022360638142,85.6717945676791
1223,Monroe County,NY,2020-03-01,166128.82895352526,0,1058.1713424162715,0,0,743341.0,60075.0,301948.0,191783.0,927.0,389606.0,3.45,0.6351524103488018,81.9604632132091,86.36905913670387
1223,Monroe County,NY,2020-04-01,166748.24934812562,0,1056.6245664791072,0,0,743341.0,60075.0,301948.0,191783.0,927.0,389606.0,3.306,0.6351524103488018,82.26605726804564,86.24280965608277
1223,Monroe County,NY,2020-05-01,167507.81773939426,0,1056.8841689341882,0,0,743341.0,60075.0,301948.0,191783.0,927.0,389606.0,3.2325,0.6351524103488018,82.64079401652357,86.26399868180684
1223,Monroe County,NY,2020-06-01,168526.7135852477,0,1059.2283465196936,0,0,743341.0,60075.0,301948.0,191783.0,927.0,389606.0,3.1625,0.6351524103488018,83.14347122202848,86.45533292456486
1223,Monroe County,NY,2020-07-01,169946.7427770431,0,1066.8357266944222,0,0,743341.0,60075.0,301948.0,191783.0,927.0,389606.0,3.016,0.6351524103488018,83.84404950858456,87.07625530438115
1223,Monroe County,NY,2020-08-01,171763.7894179979,0,1074.505119339579,0,0,743341.0,60075.0,301948.0,191783.0,927.0,389606.0,2.935,0.6351524103488018,84.74049827855887,87.70223920732792
1223,Monroe County,NY,2020-09-01,174295.609879301,0,1087.3315108130002,0,0,743341.0,60075.0,301948.0,191783.0,927.0,389606.0,2.89,0.6351524103488018,85.98958417826827,88.74914278453954
1223,Monroe County,NY,2020-10-01,177402.2122206332,0,1096.6939646344235,0,0,743341.0,60075.0,301948.0,191783.0,927.0,389606.0,2.834,0.6351524103488018,87.52224150522781,89.51331612334943
1223,Monroe County,NY,2020-11-01,180580.28868276472,0,1108.1729871583984,0,0,743341.0,60075.0,301948.0,191783.0,927.0,389606.0,2.765,0.6351524103488018,89.0901609362145,90.45024602823692
1223,Monroe County,NY,2020-12-01,183107.82278239224,0,1119.6749309222412,0,0,743341.0,60075.0,301948.0,191783.0,927.0,389606.0,2.684,0.6351524103488018,90.3371321386095,91.38904678885662
1223,Monroe County,NY,2021-01-01,184852.25891763484,0,1125.8181478535478,0,0,757332.0,66317.0,311955.0,198738.0,991.0,394962.0,2.735,0.6370726547098139,91.19775816355033,91.89046262309955
1223,Monroe County,NY,2021-02-01,186380.90375090088,0,1129.0666520474256,0,0,757332.0,66317.0,311955.0,198738.0,991.0,394962.0,2.81,0.6370726547098139,91.95192250343146,92.15560895581558
1223,Monroe County,NY,2021-03-01,188229.97691171768,0,1129.533697507483,0,0,757332.0,66317.0,311955.0,198738.0,991.0,394962.0,3.0825,0.6370726547098139,92.86417171225514,92.1937296980265
1223,Monroe County,NY,2021-04-01,190604.08346892265,0,1139.1382122385935,0,0,757332.0,66317.0,311955.0,198738.0,991.0,394962.0,3.06,0.6370726547098139,94.03544869272714,92.97766030315556
1223,Monroe County,NY,2021-05-01,193952.87619266903,0,1149.2362637554231,0,0,757332.0,66317.0,311955.0,198738.0,991.0,394962.0,2.9625,0.6370726547098139,95.68759181907197,93.80187390038927
1223,Monroe County,NY,2021-06-01,198093.9277937644,0,1158.0205435782177,0,0,757332.0,66317.0,311955.0,198738.0,991.0,394962.0,2.975,0.6370726547098139,97.730599703697,94.5188560686607
1223,Monroe County,NY,2021-07-01,201555.1919815815,0,1169.6545762247065,0,0,757332.0,66317.0,311955.0,198738.0,991.0,394962.0,2.868,0.6370726547098139,99.43823117214096,95.46843806296087
1223,Monroe County,NY,2021-08-01,203158.80209727515,0,1185.670487713654,0,0,757332.0,66317.0,311955.0,198738.0,991.0,394962.0,2.8425,0.6370726547098139,100.2293799975649,96.7756736221459
1223,Monroe County,NY,2021-09-01,202675.4301137776,0,1193.951770362115,0,0,757332.0,66317.0,311955.0,198738.0,991.0,394962.0,2.9,0.6370726547098139,99.99090608595483,97.45160063143295
1223,Monroe County,NY,2021-10-01,201642.56537301745,0,1206.927867105716,0,0,757332.0,66317.0,311955.0,198738.0,991.0,394962.0,3.0675,0.6370726547098139,99.48133725842175,98.51072331042417
1223,Monroe County,NY,2021-11-01,200986.66818672692,0,1212.6679844393725,0,0,757332.0,66317.0,311955.0,198738.0,991.0,394962.0,3.0675,0.6370726547098139,99.15774720155298,98.9792377310757
1223,Monroe County,NY,2021-12-01,201020.19607763377,0,1220.923590525074,0,0,757332.0,66317.0,311955.0,198738.0,991.0,394962.0,3.098,0.6370726547098139,99.17428834908648,99.65306899227497
1223,Monroe County,NY,2022-01-01,202693.8629194463,0,1225.1740993744197,0,0,756406.0,71450.0,314727.0,200332.0,1085.0,394251.0,3.4450000000000003,0.6365262592659671,100.0,100.0
1223,Monroe County,NY,2022-02-01,205610.7162992069,0,1238.5916168172816,0,0,756406.0,71450.0,314727.0,200332.0,1085.0,394251.0,3.7625,0.6365262592659671,101.43904375680074,101.09515190124513
1223,Monroe County,NY,2022-03-01,209943.0194512596,0,1256.572041308394,0,0,756406.0,71450.0,314727.0,200332.0,1085.0,394251.0,4.172,0.6365262592659671,103.57640652134309,102.5627330801399
1223,Monroe County,NY,2022-04-01,214576.69130487577,0,1270.6587687802987,0,0,756406.0,71450.0,314727.0,200332.0,1085.0,394251.0,4.9825,0.6365262592659671,105.86245099593955,103.71250660857945
1223,Monroe County,NY,2022-05-01,218944.61247513487,0,1284.8550943767336,0,0,756406.0,71450.0,314727.0,200332.0,1085.0,394251.0,5.23,0.6365262592659671,108.01738608245226,104.87122565134109
1223,Monroe County,NY,2022-06-01,222824.20568051573,0,1297.1559090803644,0,0,756406.0,71450.0,314727.0,200332.0,1085.0,394251.0,5.522,0.6365262592659671,109.93140219991245,105.87523109921267
1223,Monroe County,NY,2022-07-01,225408.554693685,0,1306.048854886297,0,0,756406.0,71450.0,314727.0,200332.0,1085.0,394251.0,5.4125,0.6365262592659671,111.20640331536127,106.6010826994443
1223,Monroe County,NY,2022-08-01,226525.0765640265,0,1305.0869825678517,0,0,756406.0,71450.0,314727.0,200332.0,1085.0,394251.0,5.2225,0.6365262592659671,111.75724479337151,106.52257366803917
1223,Monroe County,NY,2022-09-01,226133.70864092,0,1306.4890559377006,0,0,756406.0,71450.0,314727.0,200332.0,1085.0,394251.0,6.112,0.6365262592659671,111.5641615310223,106.6370123727559
1223,Monroe County,NY,2022-10-01,225369.8911952069,0,1305.676453101884,1,0,756406.0,71450.0,314727.0,200332.0,1085.0,394251.0,6.9,0.6365262592659671,111.18732849093334,106.5706868736916
1223,Monroe County,NY,2022-11-01,225025.06680739543,0,1309.649387761058,1,0,756406.0,71450.0,314727.0,200332.0,1085.0,394251.0,6.805,0.6365262592659671,111.0172077073808,106.89496198375168
1223,Monroe County,NY,2022-12-01,225378.07187780703,0,1312.5985393884564,1,0,756406.0,71450.0,314727.0,200332.0,1085.0,394251.0,6.364,0.6365262592659671,111.19136447035685,107.13567484479765
1223,Monroe County,NY,2023-01-01,225698.22918005,0,1325.6387645456643,1,0,754068.0,74409.0,316506.0,201032.0,1126.0,393043.0,6.2725,0.6351601549417705,111.34931562764976,108.2000317524295
1223,Monroe County,NY,2023-02-01,226325.1992731133,0,1328.8473743025315,1,0,754068.0,74409.0,316506.0,201032.0,1126.0,393043.0,6.2575,0.6351601549417705,111.65863436282649,108.46192185919111
1223,Monroe County,NY,2023-03-01,227526.58662221755,0,1334.2281190891438,1,0,754068.0,74409.0,316506.0,201032.0,1126.0,393043.0,6.544,0.6351601549417705,112.25134463624099,108.9011039141627
1223,Monroe County,NY,2023-04-01,229863.8215336832,0,1342.5330394332866,1,0,754068.0,74409.0,316506.0,201032.0,1126.0,393043.0,6.342499999999999,0.6351601549417705,113.40443081152124,109.57896025705986
1223,Monroe County,NY,2023-05-01,232937.10508834853,0,1352.643078504613,1,0,754068.0,74409.0,316506.0,201032.0,1126.0,393043.0,6.425,0.6351601549417705,114.92065015353788,110.40415229111353
1223,Monroe County,NY,2023-06-01,236527.9035001609,0,1359.7716745550674,1,0,754068.0,74409.0,316506.0,201032.0,1126.0,393043.0,6.714,0.6351601549417705,116.6921879594158,110.98599580658569
1223,Monroe County,NY,2023-07-01,240267.31526122856,0,1362.338000833701,1,0,754068.0,74409.0,316506.0,201032.0,1126.0,393043.0,6.84,0.6351601549417705,118.53704488167682,111.1954620595814
1223,Monroe County,NY,2023-08-01,243964.4806044269,0,1370.035432186497,1,0,754068.0,74409.0,316506.0,201032.0,1126.0,393043.0,7.072,0.6351601549417705,120.36105932885702,111.82373451136816
1223,Monroe County,NY,2023-09-01,246539.7802711981,0,1379.670225021134,1,0,754068.0,74409.0,316506.0,201032.0,1126.0,393043.0,7.2,0.6351601549417705,121.63159590538606,112.61013644718744
1223,Monroe County,NY,2023-10-01,247922.2957994634,0,1388.5851301969444,1,0,754068.0,74409.0,316506.0,201032.0,1126.0,393043.0,7.62,0.6351601549417705,122.31366664416059,113.33778039430995
1223,Monroe County,NY,2023-11-01,248286.79901342373,0,1396.394610538907,1,0,754068.0,74409.0,316506.0,201032.0,1126.0,393043.0,7.442,0.6351601549417705,122.49349607200331,113.97519840257098
1223,Monroe County,NY,2023-12-01,248211.58136512293,0,1403.2324197936855,1,0,754068.0,74409.0,316506.0,201032.0,1126.0,393043.0,6.815,0.6351601549417705,122.4563870805334,114.53330759360513
1223,Monroe County,NY,2024-01-01,248253.4421188403,0,1403.08287295787,1,0,754068.0,74409.0,316506.0,201032.0,1126.0,393043.0,6.6425,0.6351601549417705,122.47703928633501,114.52110142340517
1223,Monroe County,NY,2024-02-01,248955.1998049857,0,1411.81086101938,1,0,754068.0,74409.0,316506.0,201032.0,1126.0,393043.0,6.776000000000001,0.6351601549417705,122.82325484315446,115.23348899884986
1223,Monroe County,NY,2024-03-01,250843.48782583183,0,1412.883611400389,1,0,754068.0,74409.0,316506.0,201032.0,1126.0,393043.0,6.82,0.6351601549417705,123.75485089330057,115.32104801446707
1223,Monroe County,NY,2024-04-01,253588.13492465563,0,1423.1515394763946,1,0,754068.0,74409.0,316506.0,201032.0,1126.0,393043.0,6.9925,0.6351601549417705,125.10893584648663,116.15912711532697
1223,Monroe County,NY,2024-05-01,256686.34540624183,0,1422.9784935347716,1,0,754068.0,74409.0,316506.0,201032.0,1126.0,393043.0,7.06,0.6351601549417705,126.63745300875388,116.14500292336834
1223,Monroe County,NY,2024-06-01,259321.60066155763,0,1427.9823058004406,1,0,754068.0,74409.0,316506.0,201032.0,1126.0,393043.0,6.9175,0.6351601549417705,127.93756896557645,116.55341934910115
1223,Monroe County,NY,2024-07-01,261446.800039914,0,1430.8545756032222,1,0,754068.0,74409.0,316506.0,201032.0,1126.0,393043.0,6.8475,0.6351601549417705,128.98604638257697,116.78785703467156
1223,Monroe County,NY,2024-08-01,263197.9906142806,0,1434.721935455137,1,0,754068.0,74409.0,316506.0,201032.0,1126.0,393043.0,6.5,0.6351601549417705,129.85000474280744,117.10351501780143
1223,Monroe County,NY,2024-09-01,264802.7032049022,0,1438.1400136249683,1,0,754068.0,74409.0,316506.0,201032.0,1126.0,393043.0,6.18,0.6351601549417705,130.64169747958223,117.38250215698244
1223,Monroe County,NY,2024-10-01,266209.983859309,0,1444.5897446712377,1,0,754068.0,74409.0,316506.0,201032.0,1126.0,393043.0,6.428,0.6351601549417705,131.33598621340843,117.90893599602316
1223,Monroe County,NY,2024-11-01,267227.290918637,0,1454.3823819992342,1,0,754068.0,74409.0,316506.0,201032.0,1126.0,393043.0,6.805,0.6351601549417705,131.83787958337805,118.70822136558792
1223,Monroe County,NY,2024-12-01,268341.4021578618,0,1462.1409530988092,1,0,754068.0,74409.0,316506.0,201032.0,1126.0,393043.0,6.715,0.6351601549417705,132.3875317648393,119.34148410788197
1223,Monroe County,NY,2025-01-01,269146.3762481162,0,1474.1874032001276,1,0,754068.0,74409.0,316506.0,201032.0,1126.0,393043.0,6.958,0.6351601549417705,132.7846696350541,120.3247280490875
1223,Monroe County,NY,2025-02-01,269909.2234432353,0,1480.899320062904,1,0,754068.0,74409.0,316506.0,201032.0,1126.0,393043.0,6.842499999999999,0.6351601549417705,133.16102399730843,120.87256177053196
1223,Monroe County,NY,2025-03-01,269898.214015817,0,1490.5543027148008,1,0,754068.0,74409.0,316506.0,201032.0,1126.0,393043.0,6.65,0.6351601549417705,133.15559244291413,121.66061162049424
1223,Monroe County,NY,2025-04-01,270092.7455129612,0,1491.2405334597688,1,0,754068.0,74409.0,316506.0,201032.0,1126.0,393043.0,6.725,0.6351601549417705,133.251565500185,121.7166224964439
1223,Monroe County,NY,2025-05-01,270603.8895849329,0,1498.7628593538084,1,0,754068.0,74409.0,316506.0,201032.0,1126.0,393043.0,6.816,0.6351601549417705,133.5037409062923,122.3306026563151
1223,Monroe County,NY,2025-06-01,271640.3718454197,0,1503.779634762529,1,0,754068.0,74409.0,316506.0,201032.0,1126.0,393043.0,6.8175,0.6351601549417705,134.0150944547215,122.74007714743288
1223,Monroe County,NY,2025-07-01,272758.03756824275,0,1513.0506570073417,1,0,754068.0,74409.0,316506.0,201032.0,1126.0,393043.0,6.720000000000001,0.6351601549417705,134.5665002578993,123.49678774468978
1223,Monroe County,NY,2025-08-01,273422.13087284187,0,1520.4072153417758,1,0,754068.0,74409.0,316506.0,201032.0,1126.0,393043.0,6.5875,0.6351601549417705,134.89413390947314,124.09723778180616
1223,Monroe County,NY,2025-09-01,273986.69547480874,0,1526.3323500335794,1,0,754068.0,74409.0,316506.0,201032.0,1126.0,393043.0,6.3525,0.6351601549417705,135.17266459305446,124.58085351403793
1223,Monroe County,NY,2025-10-01,274438.85066681524,0,1529.9333817589277,1,0,754068.0,74409.0,316506.0,201032.0,1126.0,393043.0,6.254,0.6351601549417705,135.3957375492328,124.87477351505551
1223,Monroe County,NY,2025-11-01,275208.4360531965,0,1529.9815306786038,1,0,754068.0,74409.0,316506.0,201032.0,1126.0,393043.0,6.2375,0.6351601549417705,135.77541623081532,124.87870348057638
1223,Monroe County,NY,2025-12-01,276199.1101615141,0,1531.6545759062406,1,0,754068.0,74409.0,316506.0,201032.0,1126.0,393043.0,6.19,0.6351601549417705,136.26417010527837,125.01525919363716
1223,Monroe County,NY,2026-01-01,277255.670516188,0,1530.7203671987145,1,0,754068.0,74409.0,316506.0,201032.0,1126.0,393043.0,6.1025,0.6351601549417705,136.7854292788202,124.93900809528282
1223,Monroe County,NY,2026-02-01,278188.99213762546,0,1530.6977401638676,1,0,754068.0,74409.0,316506.0,201032.0,1126.0,393043.0,6.0475,0.6351601549417705,137.2458880258166,124.93716125287418
1223,Monroe County,NY,2026-03-01,279468.2660572028,0,1530.951378176137,1,0,754068.0,74409.0,316506.0,201032.0,1126.0,393043.0,6.1775,0.6351601549417705,137.87702401639453,124.95786345449586
2465,Onondaga County,NY,2018-01-01,140197.97117645017,1,1027.4723715710272,0,0,464242.0,59225.0,185624.0,120348.0,852.0,235381.0,4.032500000000001,0.6483428866956858,75.26327689888387,78.46523784684003
2465,Onondaga County,NY,2018-02-01,140243.02353319005,1,1030.7724647577916,0,0,464242.0,59225.0,185624.0,120348.0,852.0,235381.0,4.33,0.6483428866956858,75.2874626126414,78.71725688305048
2465,Onondaga County,NY,2018-03-01,140371.6048222657,1,1033.1887309305582,0,0,464242.0,59225.0,185624.0,120348.0,852.0,235381.0,4.444,0.6483428866956858,75.35648963979814,78.90178048212061
2465,Onondaga County,NY,2018-04-01,140484.97022072654,1,1034.7631580044522,0,0,464242.0,59225.0,185624.0,120348.0,852.0,235381.0,4.4675,0.6483428866956858,75.41734823356747,79.0220151455955
2465,Onondaga County,NY,2018-05-01,140888.8700566584,1,1030.5164711595526,0,0,464242.0,59225.0,185624.0,120348.0,852.0,235381.0,4.586,0.6483428866956858,75.6341760873236,78.69770735633924
2465,Onondaga County,NY,2018-06-01,141568.78714197784,1,1037.1376861170947,0,0,464242.0,59225.0,185624.0,120348.0,852.0,235381.0,4.57,0.6483428866956858,75.99917985614614,79.20335132385948
2465,Onondaga County,NY,2018-07-01,142609.72900321745,1,1032.1901882465895,0,0,464242.0,59225.0,185624.0,120348.0,852.0,235381.0,4.5275,0.6483428866956858,76.5579946155945,78.82552452491367
2465,Onondaga County,NY,2018-08-01,143861.34543903495,1,1038.7468525192446,0,0,464242.0,59225.0,185624.0,120348.0,852.0,235381.0,4.55,0.6483428866956858,77.2299070091167,79.32623893424531
2465,Onondaga County,NY,2018-09-01,144886.71615686457,1,1034.2559105806365,0,0,464242.0,59225.0,185624.0,120348.0,852.0,235381.0,4.6275,0.6483428866956858,77.7803626227924,78.9832780555694
2465,Onondaga County,NY,2018-10-01,145372.19130189612,1,1039.3295372152706,0,0,464242.0,59225.0,185624.0,120348.0,852.0,235381.0,4.83,0.6483428866956858,78.04098301523764,79.37073696117862
2465,Onondaga County,NY,2018-11-01,145602.38030082264,1,1055.3894095174353,0,0,464242.0,59225.0,185624.0,120348.0,852.0,235381.0,4.866,0.6483428866956858,78.16455668909259,80.59718521890885
2465,Onondaga County,NY,2018-12-01,145521.7708232311,1,1060.969055737963,0,0,464242.0,59225.0,185624.0,120348.0,852.0,235381.0,4.6375,0.6483428866956858,78.12128264324346,81.02328744794056
2465,Onondaga County,NY,2019-01-01,145705.7081046117,1,1057.0856314115542,0,0,462872.0,61359.0,185324.0,119871.0,872.0,235099.0,4.464,0.6468185448188039,78.22002674363526,80.72672101767641
2465,Onondaga County,NY,2019-02-01,146003.92744388912,1,1041.1386946818031,0,0,462872.0,61359.0,185324.0,119871.0,872.0,235099.0,4.37,0.6468185448188039,78.38012153331228,79.50889733886041
2465,Onondaga County,NY,2019-03-01,146590.32352078997,1,1045.933195482837,0,0,462872.0,61359.0,185324.0,119871.0,872.0,235099.0,4.265,0.6468185448188039,78.69491988551283,79.875040172594
2465,Onondaga County,NY,2019-04-01,147104.5022920153,1,1053.5980782928466,0,0,462872.0,61359.0,185324.0,119871.0,872.0,235099.0,4.1425,0.6468185448188039,78.9709494094034,80.46038618227401
2465,Onondaga County,NY,2019-05-01,147546.71624660253,1,1072.2719641965034,0,0,462872.0,61359.0,185324.0,119871.0,872.0,235099.0,4.072,0.6468185448188039,79.20834565011478,81.88645946608872
2465,Onondaga County,NY,2019-06-01,148165.92447599437,1,1071.2614454056677,0,0,462872.0,61359.0,185324.0,119871.0,872.0,235099.0,3.8025,0.6468185448188039,79.54075873737787,81.80928892655355
2465,Onondaga County,NY,2019-07-01,148835.3753007139,1,1076.9751919045311,0,0,462872.0,61359.0,185324.0,119871.0,872.0,235099.0,3.765,0.6468185448188039,79.90014384379741,82.24563202485443
2465,Onondaga County,NY,2019-08-01,149580.14329454218,1,1075.7078349596263,0,0,462872.0,61359.0,185324.0,119871.0,872.0,235099.0,3.616,0.6468185448188039,80.299961895903,82.14884746220314
2465,Onondaga County,NY,2019-09-01,150348.24733801748,1,1081.9965765403815,0,0,462872.0,61359.0,185324.0,119871.0,872.0,235099.0,3.605,0.6468185448188039,80.71230757270652,82.62910135276447
2465,Onondaga County,NY,2019-10-01,151162.28006609823,1,1077.8282637087689,0,0,462872.0,61359.0,185324.0,119871.0,872.0,235099.0,3.688,0.6468185448188039,81.14930940735637,82.31077877125075
2465,Onondaga County,NY,2019-11-01,152009.86944655317,1,1070.491776412008,0,0,462872.0,61359.0,185324.0,119871.0,872.0,235099.0,3.695,0.6468185448188039,81.6043256511895,81.75051142331178
2465,Onondaga County,NY,2019-12-01,152691.32033432924,1,1067.5211473377676,0,0,462872.0,61359.0,185324.0,119871.0,872.0,235099.0,3.72,0.6468185448188039,81.9701528199374,81.52365265482868
2465,Onondaga County,NY,2020-01-01,153409.6101350654,1,1075.7734752378688,0,0,462872.0,61359.0,185324.0,119871.0,872.0,235099.0,3.624,0.6468185448188039,82.35575643254894,82.15386022963818
2465,Onondaga County,NY,2020-02-01,154156.79708083844,1,1088.0043177869377,0,0,462872.0,61359.0,185324.0,119871.0,872.0,235099.0,3.4650000000000003,0.6468185448188039,82.75687306443066,83.08789602099728
2465,Onondaga County,NY,2020-03-01,154895.05091373928,1,1107.73292618628,0,0,462872.0,61359.0,185324.0,119871.0,872.0,235099.0,3.45,0.6468185448188039,83.15319408235287,84.59451555965663
2465,Onondaga County,NY,2020-04-01,155548.61648660456,1,1107.4840740883635,0,0,462872.0,61359.0,185324.0,119871.0,872.0,235099.0,3.306,0.6468185448188039,83.50405141837115,84.57551140967462
2465,Onondaga County,NY,2020-05-01,156205.08539903417,1,1108.7220480362137,0,0,462872.0,61359.0,185324.0,119871.0,872.0,235099.0,3.2325,0.6468185448188039,83.8564673707355,84.67005207369046
2465,Onondaga County,NY,2020-06-01,156981.08115566068,1,1120.911819813162,0,0,462872.0,61359.0,185324.0,119871.0,872.0,235099.0,3.1625,0.6468185448188039,84.27304960094362,85.60095140319213
2465,Onondaga County,NY,2020-07-01,158050.66568296534,1,1129.958771913016,0,0,462872.0,61359.0,185324.0,119871.0,872.0,235099.0,3.016,0.6468185448188039,84.84724076626352,86.29184224166654
2465,Onondaga County,NY,2020-08-01,159429.7927100274,1,1137.882861902121,0,0,462872.0,61359.0,185324.0,119871.0,872.0,235099.0,2.935,0.6468185448188039,85.58760539811594,86.89698319038538
2465,Onondaga County,NY,2020-09-01,161496.71382472897,1,1134.1708356091551,0,0,462872.0,61359.0,185324.0,119871.0,872.0,235099.0,2.89,0.6468185448188039,86.69720245489606,86.61350595632025
2465,Onondaga County,NY,2020-10-01,164063.32064296928,1,1135.2067663550476,0,0,462872.0,61359.0,185324.0,119871.0,872.0,235099.0,2.834,0.6468185448188039,88.07504863933664,86.69261713694014
2465,Onondaga County,NY,2020-11-01,166851.88502697708,1,1137.6900203302737,0,0,462872.0,61359.0,185324.0,119871.0,872.0,235099.0,2.765,0.6468185448188039,89.5720495703972,86.88225641016196
2465,Onondaga County,NY,2020-12-01,169253.03825930422,1,1138.781515997209,0,0,462872.0,61359.0,185324.0,119871.0,872.0,235099.0,2.684,0.6468185448188039,90.86107436215995,86.9656109309107
2465,Onondaga County,NY,2021-01-01,171066.37546381503,1,1151.784241975732,0,0,474621.0,66012.0,190353.0,124179.0,926.0,239412.0,2.735,0.6523616649067785,91.83453852136935,87.95859333587997
2465,Onondaga County,NY,2021-02-01,172795.31137779288,1,1159.9576376519076,0,0,474621.0,66012.0,190353.0,124179.0,926.0,239412.0,2.81,0.6523616649067785,92.76269305415049,88.58277307393644
2465,Onondaga County,NY,2021-03-01,174665.5462856583,1,1178.964049353693,0,0,474621.0,66012.0,190353.0,124179.0,926.0,239412.0,3.0825,0.6523616649067785,93.76670193213543,90.03424043798368
2465,Onondaga County,NY,2021-04-01,176806.18972188677,1,1194.4912915579534,0,0,474621.0,66012.0,190353.0,124179.0,926.0,239412.0,3.06,0.6523616649067785,94.91587576347334,91.22001320071004
2465,Onondaga County,NY,2021-05-01,179441.31344027724,1,1205.732764458265,0,0,474621.0,66012.0,190353.0,124179.0,926.0,239412.0,2.9625,0.6523616649067785,96.33050426640956,92.07849355432096
2465,Onondaga County,NY,2021-06-01,182626.70399603725,1,1219.9215201902643,0,0,474621.0,66012.0,190353.0,124179.0,926.0,239412.0,2.975,0.6523616649067785,98.04053565571918,93.16204978811024
2465,Onondaga County,NY,2021-07-01,185383.677300961,1,1228.8026846502105,0,0,474621.0,66012.0,190353.0,124179.0,926.0,239412.0,2.868,0.6523616649067785,99.52057736752221,93.84027988070247
2465,Onondaga County,NY,2021-08-01,186717.10687661576,1,1237.4022151569493,0,0,474621.0,66012.0,190353.0,124179.0,926.0,239412.0,2.8425,0.6523616649067785,100.23640997576558,94.49700236322596
2465,Onondaga County,NY,2021-09-01,186244.59219977524,1,1252.4582493996556,0,0,474621.0,66012.0,190353.0,124179.0,926.0,239412.0,2.9,0.6523616649067785,99.98274722541754,95.64679027049375
2465,Onondaga County,NY,2021-10-01,185412.896642938,1,1262.0991497826792,0,0,474621.0,66012.0,190353.0,124179.0,926.0,239412.0,3.0675,0.6523616649067785,99.53626335361434,96.383039305059
2465,Onondaga County,NY,2021-11-01,184930.7204164145,1,1277.9484194988893,0,0,474621.0,66012.0,190353.0,124179.0,926.0,239412.0,3.0675,0.6523616649067785,99.27741393841686,97.59340442278925
2465,Onondaga County,NY,2021-12-01,185055.65137917985,1,1306.7518192675082,0,0,474621.0,66012.0,190353.0,124179.0,926.0,239412.0,3.098,0.6523616649067785,99.34448134007005,99.7930408083269
2465,Onondaga County,NY,2022-01-01,186276.7301041197,1,1309.461870970937,0,0,472637.0,71479.0,192785.0,125899.0,1002.0,239949.0,3.4450000000000003,0.6530539201701377,100.0,100.0
2465,Onondaga County,NY,2022-02-01,188428.96602171383,1,1320.7439998681778,0,0,472637.0,71479.0,192785.0,125899.0,1002.0,239949.0,3.7625,0.6530539201701377,101.15539708926131,100.86158514022826
2465,Onondaga County,NY,2022-03-01,191541.2440314358,1,1316.524238936153,0,0,472637.0,71479.0,192785.0,125899.0,1002.0,239949.0,4.172,0.6530539201701377,102.82617905326849,100.53933360884952
2465,Onondaga County,NY,2022-04-01,194915.48485457696,1,1332.202422780391,0,0,472637.0,71479.0,192785.0,125899.0,1002.0,239949.0,4.9825,0.6530539201701377,104.6375920092803,101.73663336929333
2465,Onondaga County,NY,2022-05-01,198245.9691848365,1,1350.769164419729,0,0,472637.0,71479.0,192785.0,125899.0,1002.0,239949.0,5.23,0.6530539201701377,106.42551491752435,103.15452434045777
2465,Onondaga County,NY,2022-06-01,201495.0131401829,1,1355.2858941396023,0,0,472637.0,71479.0,192785.0,125899.0,1002.0,239949.0,5.522,0.6530539201701377,108.16971772456867,103.49945456103184
2465,Onondaga County,NY,2022-07-01,204046.55416832885,1,1361.8605253747392,0,0,472637.0,71479.0,192785.0,125899.0,1002.0,239949.0,5.4125,0.6530539201701377,109.53947605494076,104.0015410578507
2465,Onondaga County,NY,2022-08-01,205659.468477351,1,1368.650502283098,0,0,472637.0,71479.0,192785.0,125899.0,1002.0,239949.0,5.2225,0.6530539201701377,110.40534604746244,104.52007291119318
2465,Onondaga County,NY,2022-09-01,206332.48222947447,1,1378.6800189414453,0,0,472637.0,71479.0,192785.0,125899.0,1002.0,239949.0,6.112,0.6530539201701377,110.7666438605319,105.28599950139704
2465,Onondaga County,NY,2022-10-01,206568.27071219785,1,1397.4593104525406,1,1,472637.0,71479.0,192785.0,125899.0,1002.0,239949.0,6.9,0.6530539201701377,110.89322353722666,106.72012232142012
2465,Onondaga County,NY,2022-11-01,206708.54595023493,1,1402.5031598662422,1,1,472637.0,71479.0,192785.0,125899.0,1002.0,239949.0,6.805,0.6530539201701377,110.96852829373528,107.10530722260107
2465,Onondaga County,NY,2022-12-01,206912.9481388882,1,1389.0584630106205,1,1,472637.0,71479.0,192785.0,125899.0,1002.0,239949.0,6.364,0.6530539201701377,111.07825868708015,106.07857271786494
2465,Onondaga County,NY,2023-01-01,206971.7804038796,1,1386.8283975634572,1,1,471611.0,74740.0,194963.0,128013.0,1067.0,241238.0,6.2725,0.6566015090042726,111.10984194761866,105.9082687558634
2465,Onondaga County,NY,2023-02-01,207506.3176442753,1,1386.8525346963456,1,1,471611.0,74740.0,194963.0,128013.0,1067.0,241238.0,6.2575,0.6566015090042726,111.39680062468848,105.9101120422869
2465,Onondaga County,NY,2023-03-01,208571.79808093235,1,1409.2688817621452,1,1,471611.0,74740.0,194963.0,128013.0,1067.0,241238.0,6.544,0.6566015090042726,111.96878856760627,107.62198678738184
2465,Onondaga County,NY,2023-04-01,210759.74096751385,1,1414.7429267101672,1,1,471611.0,74740.0,194963.0,128013.0,1067.0,241238.0,6.342499999999999,0.6566015090042726,113.14335443278897,108.04002453780244
2465,Onondaga County,NY,2023-05-01,213394.100554441,1,1428.014034491437,1,1,471611.0,74740.0,194963.0,128013.0,1067.0,241238.0,6.425,0.6566015090042726,114.55757272267128,109.05350252257412
2465,Onondaga County,NY,2023-06-01,216577.870729586,1,1427.2020252826956,1,1,471611.0,74740.0,194963.0,128013.0,1067.0,241238.0,6.714,0.6566015090042726,116.26673423380872,108.99149161360893
2465,Onondaga County,NY,2023-07-01,219697.80947774427,1,1435.9943000275111,1,1,471611.0,74740.0,194963.0,128013.0,1067.0,241238.0,6.84,0.6566015090042726,117.94162875574627,109.6629334432436
2465,Onondaga County,NY,2023-08-01,222725.37522766943,1,1440.3613714877586,1,1,471611.0,74740.0,194963.0,128013.0,1067.0,241238.0,7.072,0.6566015090042726,119.56693415392074,109.99643467432637
2465,Onondaga County,NY,2023-09-01,225056.3978371484,1,1445.7546084441678,1,1,471611.0,74740.0,194963.0,128013.0,1067.0,241238.0,7.2,0.6566015090042726,120.81831032322327,110.40830134077693
2465,Onondaga County,NY,2023-10-01,226959.63862024088,1,1448.5197498046746,1,1,471611.0,74740.0,194963.0,128013.0,1067.0,241238.0,7.62,0.6566015090042726,121.84003793355262,110.6194675779776
2465,Onondaga County,NY,2023-11-01,228517.9108131251,1,1457.13529655531,1,1,471611.0,74740.0,194963.0,128013.0,1067.0,241238.0,7.442,0.6566015090042726,122.67657408705566,111.27741317697755
2465,Onondaga County,NY,2023-12-01,229866.09653056905,1,1473.7099645886726,1,1,471611.0,74740.0,194963.0,128013.0,1067.0,241238.0,6.815,0.6566015090042726,123.40032831910084,112.54317496819891
2465,Onondaga County,NY,2024-01-01,230955.3676331756,1,1492.067813287725,1,1,471611.0,74740.0,194963.0,128013.0,1067.0,241238.0,6.6425,0.6566015090042726,123.98508794098045,113.94511336029888
2465,Onondaga County,NY,2024-02-01,232155.70878940928,1,1502.2854603078638,1,1,471611.0,74740.0,194963.0,128013.0,1067.0,241238.0,6.776000000000001,0.6566015090042726,124.62947393356404,114.72540694857746
2465,Onondaga County,NY,2024-03-01,234213.2141892279,1,1506.7830357161045,1,1,471611.0,74740.0,194963.0,128013.0,1067.0,241238.0,6.82,0.6566015090042726,125.73401629839327,115.06887440707672
2465,Onondaga County,NY,2024-04-01,237149.83531725884,1,1507.7783241836194,1,1,471611.0,74740.0,194963.0,128013.0,1067.0,241238.0,6.9925,0.6566015090042726,127.31049937622565,115.1448818487273
2465,Onondaga County,NY,2024-05-01,240462.96641659265,1,1511.0311003692211,1,1,471611.0,74740.0,194963.0,128013.0,1067.0,241238.0,7.06,0.6566015090042726,129.08910645048658,115.39328741575538
2465,Onondaga County,NY,2024-06-01,243282.05652344992,1,1527.6678096337505,1,1,471611.0,74740.0,194963.0,128013.0,1067.0,241238.0,6.9175,0.6566015090042726,130.6024946795378,116.66378712508968
2465,Onondaga County,NY,2024-07-01,245416.14929377323,1,1538.8059735466438,1,1,471611.0,74740.0,194963.0,128013.0,1067.0,241238.0,6.8475,0.6566015090042726,131.7481518795168,117.51437805559418
2465,Onondaga County,NY,2024-08-01,247084.1718265945,1,1546.8943920055335,1,1,471611.0,74740.0,194963.0,128013.0,1067.0,241238.0,6.5,0.6566015090042726,132.6436059342927,118.13206831738792
2465,Onondaga County,NY,2024-09-01,248572.76993395656,1,1540.283041088984,1,1,471611.0,74740.0,194963.0,128013.0,1067.0,241238.0,6.18,0.6566015090042726,133.44273855087343,117.62717763953661
2465,Onondaga County,NY,2024-10-01,249934.21752495485,1,1546.3778085382278,1,1,471611.0,74740.0,194963.0,128013.0,1067.0,241238.0,6.428,0.6566015090042726,134.17361223017696,118.09261825940932
2465,Onondaga County,NY,2024-11-01,251111.45048953764,1,1552.523422134792,1,1,471611.0,74740.0,194963.0,128013.0,1067.0,241238.0,6.805,0.6566015090042726,134.80559292037094,118.56194185964577
2465,Onondaga County,NY,2024-12-01,252375.1592549175,1,1576.2789363239797,1,1,471611.0,74740.0,194963.0,128013.0,1067.0,241238.0,6.715,0.6566015090042726,135.48399690817632,120.37608511313151
2465,Onondaga County,NY,2025-01-01,253417.4720522244,1,1580.64927947281,1,1,471611.0,74740.0,194963.0,128013.0,1067.0,241238.0,6.958,0.6566015090042726,136.04354763505688,120.70983619406904
2465,Onondaga County,NY,2025-02-01,254340.5969343911,1,1594.553952605723,1,1,471611.0,74740.0,194963.0,128013.0,1067.0,241238.0,6.842499999999999,0.6566015090042726,136.53911403331324,121.77169782144144
2465,Onondaga County,NY,2025-03-01,254901.39763802456,1,1585.041021516902,1,1,471611.0,74740.0,194963.0,128013.0,1067.0,241238.0,6.65,0.6566015090042726,136.84017187522403,121.045221449757
2465,Onondaga County,NY,2025-04-01,255946.46415843687,1,1596.372071910284,1,1,471611.0,74740.0,194963.0,128013.0,1067.0,241238.0,6.725,0.6566015090042726,137.4012008989932,121.91054259003428
2465,Onondaga County,NY,2025-05-01,257584.73692002485,1,1601.1804421596696,1,1,471611.0,74740.0,194963.0,128013.0,1067.0,241238.0,6.816,0.6566015090042726,138.28068421431246,122.27774459537562
2465,Onondaga County,NY,2025-06-01,259456.89557360232,1,1605.7040026000598,1,1,471611.0,74740.0,194963.0,128013.0,1067.0,241238.0,6.8175,0.6566015090042726,139.28572582768575,122.62319645928032
2465,Onondaga County,NY,2025-07-01,261156.25907316027,1,1609.1716737215502,1,1,471611.0,74740.0,194963.0,128013.0,1067.0,241238.0,6.720000000000001,0.6566015090042726,140.19800483248042,122.88801296126208
2465,Onondaga County,NY,2025-08-01,262283.10921605426,1,1617.1688000511836,1,1,471611.0,74740.0,194963.0,128013.0,1067.0,241238.0,6.5875,0.6566015090042726,140.80293822500033,123.49873149434191
2465,Onondaga County,NY,2025-09-01,263406.4837997619,1,1634.97275396,1,1,471611.0,74740.0,194963.0,128013.0,1067.0,241238.0,6.3525,0.6566015090042726,141.40600581324915,124.85837046539613
2465,Onondaga County,NY,2025-10-01,264259.1764438514,1,1642.346164930576,1,1,471611.0,74740.0,194963.0,128013.0,1067.0,241238.0,6.254,0.6566015090042726,141.8637616712207,125.421457572706
2465,Onondaga County,NY,2025-11-01,265204.53022285696,1,1649.326021794306,1,1,471611.0,74740.0,194963.0,128013.0,1067.0,241238.0,6.2375,0.6566015090042726,142.37126133501508,125.95449003577073
2465,Onondaga County,NY,2025-12-01,266318.1278779139,1,1641.656759448382,1,1,471611.0,74740.0,194963.0,128013.0,1067.0,241238.0,6.19,0.6566015090042726,142.9690803188648,125.36880957298358
2465,Onondaga County,NY,2026-01-01,267576.6108839858,1,1646.8195405642723,1,1,471611.0,74740.0,194963.0,128013.0,1067.0,241238.0,6.1025,0.6566015090042726,143.64467893248042,125.76307696101087
2465,Onondaga County,NY,2026-02-01,269096.8005972966,1,1647.9236228024854,1,1,471611.0,74740.0,194963.0,128013.0,1067.0,241238.0,6.0475,0.6566015090042726,144.46077105115842,125.84739268357517
2465,Onondaga County,NY,2026-03-01,270791.71876541333,1,1665.666592039801,1,1,471611.0,74740.0,194963.0,128013.0,1067.0,241238.0,6.1775,0.6566015090042726,145.37066364330843,127.20237442307089
