RegionID,RegionName,State,date,home_value,treated,rent,post,did
157,Erie County,NY,2018-01-01,162464.03589173572,0,928.068938437768,0,0
157,Erie County,NY,2018-02-01,163373.371829375,0,926.745805866876,0,0
157,Erie County,NY,2018-03-01,164486.50185217193,0,927.6318290739506,0,0
157,Erie County,NY,2018-04-01,165396.762653779,0,931.5978643863336,0,0
157,Erie County,NY,2018-05-01,166518.7262856337,0,928.4970388655246,0,0
157,Erie County,NY,2018-06-01,167516.7434282445,0,931.8431713802328,0,0
157,Erie County,NY,2018-07-01,168739.7922980642,0,933.0147781508136,0,0
157,Erie County,NY,2018-08-01,169871.05240444755,0,940.2956143029536,0,0
157,Erie County,NY,2018-09-01,170771.61192947035,0,943.0567758528944,0,0
157,Erie County,NY,2018-10-01,171136.65064516888,0,943.4888102487802,0,0
157,Erie County,NY,2018-11-01,171228.55913181163,0,949.0785875253622,0,0
157,Erie County,NY,2018-12-01,171103.09088359406,0,954.1716520357128,0,0
157,Erie County,NY,2019-01-01,171452.21261719672,0,960.7987287558196,0,0
157,Erie County,NY,2019-02-01,172114.63773057112,0,956.5915874870112,0,0
157,Erie County,NY,2019-03-01,173155.46452373388,0,960.2343088623196,0,0
157,Erie County,NY,2019-04-01,174013.54522893662,0,963.5349036763504,0,0
157,Erie County,NY,2019-05-01,174833.3085624572,0,970.1478715262436,0,0
157,Erie County,NY,2019-06-01,175710.61938617946,0,971.3978236274096,0,0
157,Erie County,NY,2019-07-01,176542.21865441464,0,974.63755027951,0,0
157,Erie County,NY,2019-08-01,177300.0775332911,0,976.1363477437144,0,0
157,Erie County,NY,2019-09-01,177977.191627486,0,982.82730767357,0,0
157,Erie County,NY,2019-10-01,178789.10042102626,0,986.2949556820612,0,0
157,Erie County,NY,2019-11-01,179591.06794244586,0,985.2431250716032,0,0
157,Erie County,NY,2019-12-01,180193.07195944013,0,984.2603610839384,0,0
157,Erie County,NY,2020-01-01,180735.46980709676,0,986.0627129648,0,0
157,Erie County,NY,2020-02-01,181341.28408239945,0,995.7083356995556,0,0
157,Erie County,NY,2020-03-01,182141.2756019243,0,1003.1031343413056,0,0
157,Erie County,NY,2020-04-01,182996.600364072,0,1012.9668648008062,0,0
157,Erie County,NY,2020-05-01,183920.64728249423,0,1013.6618101727834,0,0
157,Erie County,NY,2020-06-01,184972.78612757305,0,1020.78967562992,0,0
157,Erie County,NY,2020-07-01,186274.77970836905,0,1024.184760005072,0,0
157,Erie County,NY,2020-08-01,187876.26528754947,0,1030.2493305987832,0,0
157,Erie County,NY,2020-09-01,190282.9858630593,0,1034.4381917207636,0,0
157,Erie County,NY,2020-10-01,193225.83345153963,0,1042.611732816454,0,0
157,Erie County,NY,2020-11-01,196670.1204477055,0,1046.8549594111826,0,0
157,Erie County,NY,2020-12-01,199649.999708135,0,1049.625279974972,0,0
157,Erie County,NY,2021-01-01,202112.84564250836,0,1055.6386663831004,0,0
157,Erie County,NY,2021-02-01,204485.7273727147,0,1065.3052146540672,0,0
157,Erie County,NY,2021-03-01,207025.6396656856,0,1073.9146647228104,0,0
157,Erie County,NY,2021-04-01,210032.8442512696,0,1080.9835784260133,0,0
157,Erie County,NY,2021-05-01,213518.71781059363,0,1089.6979580335787,0,0
157,Erie County,NY,2021-06-01,217676.1150276505,0,1100.474767761298,0,0
157,Erie County,NY,2021-07-01,221079.67949669657,0,1108.962423520083,0,0
157,Erie County,NY,2021-08-01,222956.04611944157,0,1119.9097914614265,0,0
157,Erie County,NY,2021-09-01,222801.2167529268,0,1133.6586649185788,0,0
157,Erie County,NY,2021-10-01,222294.28640089452,0,1143.5025902529526,0,0
157,Erie County,NY,2021-11-01,222137.8323803881,0,1152.9284417897295,0,0
157,Erie County,NY,2021-12-01,222535.13253236387,0,1160.0956514605657,0,0
157,Erie County,NY,2022-01-01,224458.7360024981,0,1167.382371721598,0,0
157,Erie County,NY,2022-02-01,227551.6388533773,0,1175.7631744211865,0,0
157,Erie County,NY,2022-03-01,231897.377113978,0,1184.2606293281815,0,0
157,Erie County,NY,2022-04-01,236415.18046950447,0,1191.335184326686,0,0
157,Erie County,NY,2022-05-01,240635.5050884687,0,1198.792703126489,0,0
157,Erie County,NY,2022-06-01,244877.0910403352,0,1206.166430197288,0,0
157,Erie County,NY,2022-07-01,247833.9347816417,0,1216.7324184943473,0,0
157,Erie County,NY,2022-08-01,249228.59559408543,0,1224.383729869011,0,0
157,Erie County,NY,2022-09-01,248752.58898675969,0,1227.3043477396611,0,0
157,Erie County,NY,2022-10-01,247745.1707707603,0,1228.9608251701368,1,0
157,Erie County,NY,2022-11-01,246982.83038262083,0,1235.9790775821907,1,0
157,Erie County,NY,2022-12-01,246482.3762246972,0,1244.8713525925668,1,0
157,Erie County,NY,2023-01-01,245850.3482996185,0,1255.6358600415986,1,0
157,Erie County,NY,2023-02-01,245355.1317917441,0,1256.7786932496133,1,0
157,Erie County,NY,2023-03-01,245661.2990346608,0,1262.5774645501945,1,0
157,Erie County,NY,2023-04-01,247077.6658569768,0,1263.892177808085,1,0
157,Erie County,NY,2023-05-01,249468.3665375743,0,1271.5069227891856,1,0
157,Erie County,NY,2023-06-01,252101.385635178,0,1275.609463564987,1,0
157,Erie County,NY,2023-07-01,254535.74925990333,0,1283.9103603761248,1,0
157,Erie County,NY,2023-08-01,256706.26200423783,0,1288.26168678755,1,0
157,Erie County,NY,2023-09-01,258176.05153162545,0,1291.3056524721806,1,0
157,Erie County,NY,2023-10-01,259398.183472109,0,1297.7175332445834,1,0
157,Erie County,NY,2023-11-01,260211.24279105404,0,1303.0169359367617,1,0
157,Erie County,NY,2023-12-01,261035.9951094468,0,1308.3853556224722,1,0
157,Erie County,NY,2024-01-01,261687.6968594979,0,1311.812053623264,1,0
157,Erie County,NY,2024-02-01,262522.0261564518,0,1319.7475660063806,1,0
157,Erie County,NY,2024-03-01,263975.9725933694,0,1326.158922075217,1,0
157,Erie County,NY,2024-04-01,266185.6822293846,0,1329.1460413723178,1,0
157,Erie County,NY,2024-05-01,268726.3457210836,0,1332.2424039560142,1,0
157,Erie County,NY,2024-06-01,270748.189856411,0,1333.8864637768752,1,0
157,Erie County,NY,2024-07-01,272019.57177828014,0,1337.3562571592904,1,0
157,Erie County,NY,2024-08-01,272880.60535624786,0,1340.949384329359,1,0
157,Erie County,NY,2024-09-01,273768.27412339306,0,1351.926212943013,1,0
157,Erie County,NY,2024-10-01,274539.4972506698,0,1358.466495856895,1,0
157,Erie County,NY,2024-11-01,274958.43449160294,0,1364.343850542456,1,0
157,Erie County,NY,2024-12-01,275612.4659555566,0,1366.3513464401362,1,0
157,Erie County,NY,2025-01-01,276078.4533624629,0,1368.2937115865702,1,0
157,Erie County,NY,2025-02-01,276721.3347930955,0,1369.77135516382,1,0
157,Erie County,NY,2025-03-01,276683.9207856844,0,1369.423548592515,1,0
157,Erie County,NY,2025-04-01,277048.22352160246,0,1376.6193575513328,1,0
157,Erie County,NY,2025-05-01,277584.1750012777,0,1380.1893154637985,1,0
157,Erie County,NY,2025-06-01,278615.2826522251,0,1386.5573382949651,1,0
157,Erie County,NY,2025-07-01,280026.95662352885,0,1388.6158663715096,1,0
157,Erie County,NY,2025-08-01,281409.9000136324,0,1393.0010781868727,1,0
157,Erie County,NY,2025-09-01,282742.88731866167,0,1393.0684980064354,1,0
157,Erie County,NY,2025-10-01,283675.3788334816,0,1395.2275312503996,1,0
157,Erie County,NY,2025-11-01,284465.22185337055,0,1397.2616747825791,1,0
157,Erie County,NY,2025-12-01,285457.18917789106,0,1401.861077523269,1,0
157,Erie County,NY,2026-01-01,286273.0130537747,0,1407.0976217585214,1,0
157,Erie County,NY,2026-02-01,287025.66856168007,0,1412.418306258522,1,0
157,Erie County,NY,2026-03-01,287781.1449319183,0,1418.900849871152,1,0
2949,Lackawanna County,PA,2018-01-01,119662.71149239424,0,792.6754144908082,0,0
2949,Lackawanna County,PA,2018-02-01,121058.55597446737,0,798.4999469846139,0,0
2949,Lackawanna County,PA,2018-03-01,122558.81885602076,0,792.9094722435866,0,0
2949,Lackawanna County,PA,2018-04-01,123890.65698969718,0,807.4239193270404,0,0
2949,Lackawanna County,PA,2018-05-01,125009.36915345729,0,808.6567204733973,0,0
2949,Lackawanna County,PA,2018-06-01,125622.84526725482,0,816.7313264414307,0,0
2949,Lackawanna County,PA,2018-07-01,126184.99170997203,0,820.1095917704179,0,0
2949,Lackawanna County,PA,2018-08-01,126330.86475830794,0,822.2273703073255,0,0
2949,Lackawanna County,PA,2018-09-01,126140.6309463427,0,821.9863461584339,0,0
2949,Lackawanna County,PA,2018-10-01,125963.47715671091,0,822.1396980174953,0,0
2949,Lackawanna County,PA,2018-11-01,125929.19493241822,0,825.3699984972242,0,0
2949,Lackawanna County,PA,2018-12-01,125972.53966162012,0,829.0685451742784,0,0
2949,Lackawanna County,PA,2019-01-01,126003.52990930188,0,835.7048626184618,0,0
2949,Lackawanna County,PA,2019-02-01,126336.95119121464,0,839.1469639430593,0,0
2949,Lackawanna County,PA,2019-03-01,126647.4050161318,0,849.0302343129003,0,0
2949,Lackawanna County,PA,2019-04-01,127200.6055023957,0,846.747795937667,0,0
2949,Lackawanna County,PA,2019-05-01,127016.7063431734,0,854.0889750347178,0,0
2949,Lackawanna County,PA,2019-06-01,126959.44463155224,0,858.6754506524113,0,0
2949,Lackawanna County,PA,2019-07-01,126781.1837222828,0,854.3369358117546,0,0
2949,Lackawanna County,PA,2019-08-01,127258.42992758172,0,854.9794752805243,0,0
2949,Lackawanna County,PA,2019-09-01,128133.21303736366,0,854.9837559833489,0,0
2949,Lackawanna County,PA,2019-10-01,129144.42974189088,0,864.2455106022277,0,0
2949,Lackawanna County,PA,2019-11-01,130219.63688514636,0,867.5660415898134,0,0
2949,Lackawanna County,PA,2019-12-01,131162.47569456472,0,862.5163623645279,0,0
2949,Lackawanna County,PA,2020-01-01,131674.33269029434,0,860.5826273244605,0,0
2949,Lackawanna County,PA,2020-02-01,132348.7595220716,0,858.1247381398957,0,0
2949,Lackawanna County,PA,2020-03-01,132978.07402257467,0,873.5057499416245,0,0
2949,Lackawanna County,PA,2020-04-01,134052.05154317946,0,871.226031854491,0,0
2949,Lackawanna County,PA,2020-05-01,134299.56041487877,0,892.1848316553996,0,0
2949,Lackawanna County,PA,2020-06-01,133990.40568372456,0,895.6302575975199,0,0
2949,Lackawanna County,PA,2020-07-01,133780.27972026763,0,916.99271540472,0,0
2949,Lackawanna County,PA,2020-08-01,134806.39733017902,0,914.630220153383,0,0
2949,Lackawanna County,PA,2020-09-01,137428.44259664856,0,925.1415995150252,0,0
2949,Lackawanna County,PA,2020-10-01,140388.73541011466,0,930.7531449426484,0,0
2949,Lackawanna County,PA,2020-11-01,143561.74903146358,0,941.6073721466328,0,0
2949,Lackawanna County,PA,2020-12-01,146500.20898834418,0,961.7647056011638,0,0
2949,Lackawanna County,PA,2021-01-01,149378.4062826479,0,972.2462409346498,0,0
2949,Lackawanna County,PA,2021-02-01,151826.18417660982,0,982.8597392966368,0,0
2949,Lackawanna County,PA,2021-03-01,153052.06284288832,0,992.6423982399124,0,0
2949,Lackawanna County,PA,2021-04-01,153924.64153205368,0,1003.1745552623104,0,0
2949,Lackawanna County,PA,2021-05-01,154480.0835917732,0,1008.160885086784,0,0
2949,Lackawanna County,PA,2021-06-01,155797.99447792873,0,1017.2610769444524,0,0
2949,Lackawanna County,PA,2021-07-01,157335.16923104585,0,1033.1771242584766,0,0
2949,Lackawanna County,PA,2021-08-01,159026.23838540525,0,1047.9726066058367,0,0
2949,Lackawanna County,PA,2021-09-01,160587.94958310228,0,1056.8841006161676,0,0
2949,Lackawanna County,PA,2021-10-01,161847.7776749906,0,1068.4976439628822,0,0
2949,Lackawanna County,PA,2021-11-01,163584.28234665375,0,1077.9912732870189,0,0
2949,Lackawanna County,PA,2021-12-01,164913.11411448003,0,1085.5939792079778,0,0
2949,Lackawanna County,PA,2022-01-01,166539.08955836864,0,1085.797028027684,0,0
2949,Lackawanna County,PA,2022-02-01,168624.11418353213,0,1100.6681849999884,0,0
2949,Lackawanna County,PA,2022-03-01,171553.45560967308,0,1121.8039960800315,0,0
2949,Lackawanna County,PA,2022-04-01,173971.60669136507,0,1142.2548408099951,0,0
2949,Lackawanna County,PA,2022-05-01,174913.92658106462,0,1145.5714698809456,0,0
2949,Lackawanna County,PA,2022-06-01,174898.7459209644,0,1152.2192085263007,0,0
2949,Lackawanna County,PA,2022-07-01,174178.2841459388,0,1143.2459284929728,0,0
2949,Lackawanna County,PA,2022-08-01,172873.73932450634,0,1155.1859042070923,0,0
2949,Lackawanna County,PA,2022-09-01,171582.09836968445,0,1152.758371877609,0,0
2949,Lackawanna County,PA,2022-10-01,171308.66194184733,0,1159.5996645909595,1,0
2949,Lackawanna County,PA,2022-11-01,171906.77297376096,0,1159.0510787863864,1,0
2949,Lackawanna County,PA,2022-12-01,173005.19832319065,0,1161.585801119381,1,0
2949,Lackawanna County,PA,2023-01-01,175816.90923281774,0,1172.793987020332,1,0
2949,Lackawanna County,PA,2023-02-01,179303.33763114127,0,1178.0440547074363,1,0
2949,Lackawanna County,PA,2023-03-01,183441.77948267863,0,1181.1504502488813,1,0
2949,Lackawanna County,PA,2023-04-01,185670.83012444933,0,1182.6880310866936,1,0
2949,Lackawanna County,PA,2023-05-01,186196.7232513961,0,1184.0659009463664,1,0
2949,Lackawanna County,PA,2023-06-01,186197.33696360487,0,1185.8206983192515,1,0
2949,Lackawanna County,PA,2023-07-01,186361.0545520986,0,1189.2682065578786,1,0
2949,Lackawanna County,PA,2023-08-01,186460.77701240103,0,1198.661298358746,1,0
2949,Lackawanna County,PA,2023-09-01,186464.51720215,0,1209.0789505625614,1,0
2949,Lackawanna County,PA,2023-10-01,185990.11214562203,0,1214.140917070444,1,0
2949,Lackawanna County,PA,2023-11-01,185912.94301598505,0,1219.2931156503462,1,0
2949,Lackawanna County,PA,2023-12-01,186009.07080779123,0,1226.9260815339903,1,0
2949,Lackawanna County,PA,2024-01-01,187887.24093667849,0,1228.7426429864568,1,0
2949,Lackawanna County,PA,2024-02-01,190088.6113757499,0,1234.258108183902,1,0
2949,Lackawanna County,PA,2024-03-01,192376.40273940735,0,1228.2425659599664,1,0
2949,Lackawanna County,PA,2024-04-01,194420.5122248883,0,1228.6908976422872,1,0
2949,Lackawanna County,PA,2024-05-01,196302.8969510808,0,1226.5045927531255,1,0
2949,Lackawanna County,PA,2024-06-01,197796.08042639983,0,1236.3384347802405,1,0
2949,Lackawanna County,PA,2024-07-01,198406.0839391904,0,1252.2989848640752,1,0
2949,Lackawanna County,PA,2024-08-01,199920.54404934435,0,1254.5155785262489,1,0
2949,Lackawanna County,PA,2024-09-01,200812.19466556943,0,1256.385251511652,1,0
2949,Lackawanna County,PA,2024-10-01,201975.5429546143,0,1264.034447607739,1,0
2949,Lackawanna County,PA,2024-11-01,203665.45772713085,0,1274.2433325413804,1,0
2949,Lackawanna County,PA,2024-12-01,204900.74342405773,0,1273.4133419673774,1,0
2949,Lackawanna County,PA,2025-01-01,205926.3440704902,0,1272.3046509493852,1,0
2949,Lackawanna County,PA,2025-02-01,206625.86709841585,0,1266.9612980530587,1,0
2949,Lackawanna County,PA,2025-03-01,209516.21020050105,0,1274.9180478623275,1,0
2949,Lackawanna County,PA,2025-04-01,212306.31870849963,0,1279.6136860429117,1,0
2949,Lackawanna County,PA,2025-05-01,212919.3712892842,0,1290.522563075153,1,0
2949,Lackawanna County,PA,2025-06-01,212539.2098840308,0,1291.0716261649543,1,0
2949,Lackawanna County,PA,2025-07-01,212811.8917336208,0,1289.4458987990815,1,0
2949,Lackawanna County,PA,2025-08-01,214103.28742290672,0,1291.2684848612814,1,0
2949,Lackawanna County,PA,2025-09-01,215032.39168996844,0,1296.4217935313477,1,0
2949,Lackawanna County,PA,2025-10-01,214952.19893447863,0,1298.104176072573,1,0
2949,Lackawanna County,PA,2025-11-01,215258.24482177672,0,1299.8764828877872,1,0
2949,Lackawanna County,PA,2025-12-01,215670.0016384877,0,1308.855486651097,1,0
2949,Lackawanna County,PA,2026-01-01,216683.7024254497,0,1319.7240664547,1,0
2949,Lackawanna County,PA,2026-02-01,219066.92982716692,0,1333.4014454536282,1,0
2949,Lackawanna County,PA,2026-03-01,219838.7316218666,0,1343.2001548586911,1,0
616,Lucas County,OH,2018-01-01,97090.6240194912,0,728.1465213636529,0,0
616,Lucas County,OH,2018-02-01,97680.68652198646,0,730.824791812895,0,0
616,Lucas County,OH,2018-03-01,98102.43752754728,0,734.4616623084801,0,0
616,Lucas County,OH,2018-04-01,98609.98954082884,0,734.9669402107475,0,0
616,Lucas County,OH,2018-05-01,99161.25400681708,0,735.6227376383395,0,0
616,Lucas County,OH,2018-06-01,99665.92765928124,0,735.6049797928933,0,0
616,Lucas County,OH,2018-07-01,100299.14741453156,0,737.7025472458778,0,0
616,Lucas County,OH,2018-08-01,100897.2862905063,0,743.8877013567203,0,0
616,Lucas County,OH,2018-09-01,101396.8323390453,0,745.4726490484408,0,0
616,Lucas County,OH,2018-10-01,101443.69718681384,0,748.5000901608557,0,0
616,Lucas County,OH,2018-11-01,101369.41056184408,0,748.276439767848,0,0
616,Lucas County,OH,2018-12-01,101408.23176220155,0,749.7305134645394,0,0
616,Lucas County,OH,2019-01-01,101902.25163877262,0,752.32649512134,0,0
616,Lucas County,OH,2019-02-01,102974.46991379444,0,755.1940611531548,0,0
616,Lucas County,OH,2019-03-01,104193.73370189453,0,756.9025773804675,0,0
616,Lucas County,OH,2019-04-01,105190.75757469612,0,758.3051096793664,0,0
616,Lucas County,OH,2019-05-01,105677.63599143316,0,760.3836082081875,0,0
616,Lucas County,OH,2019-06-01,106057.58275054938,0,764.8196735723219,0,0
616,Lucas County,OH,2019-07-01,106269.86181172715,0,767.143415368379,0,0
616,Lucas County,OH,2019-08-01,106384.04430274754,0,768.4287538539779,0,0
616,Lucas County,OH,2019-09-01,106272.89823546482,0,770.5120085155554,0,0
616,Lucas County,OH,2019-10-01,106576.18612116552,0,771.8727986974495,0,0
616,Lucas County,OH,2019-11-01,107175.25743996708,0,774.448650033778,0,0
616,Lucas County,OH,2019-12-01,108028.80823794405,0,776.57582910156,0,0
616,Lucas County,OH,2020-01-01,108943.17154523057,0,778.3995576430891,0,0
616,Lucas County,OH,2020-02-01,109950.77232572928,0,779.5714335983698,0,0
616,Lucas County,OH,2020-03-01,110971.5950213195,0,788.5129515259334,0,0
616,Lucas County,OH,2020-04-01,111595.1947307932,0,789.3960633818677,0,0
616,Lucas County,OH,2020-05-01,111719.68508662244,0,790.2960677628312,0,0
616,Lucas County,OH,2020-06-01,111648.45701275716,0,793.6714463138145,0,0
616,Lucas County,OH,2020-07-01,111882.6508842576,0,796.3435069211042,0,0
616,Lucas County,OH,2020-08-01,112971.84072598582,0,795.3119807672767,0,0
616,Lucas County,OH,2020-09-01,114679.82696051669,0,801.0518815874859,0,0
616,Lucas County,OH,2020-10-01,116756.51562526666,0,809.58894020483,0,0
616,Lucas County,OH,2020-11-01,118903.1466349414,0,816.345641877353,0,0
616,Lucas County,OH,2020-12-01,120932.59300729875,0,819.000811184702,0,0
616,Lucas County,OH,2021-01-01,122923.66893193148,0,820.9965172161945,0,0
616,Lucas County,OH,2021-02-01,125027.21853363403,0,827.3788424936067,0,0
616,Lucas County,OH,2021-03-01,127044.71338073416,0,834.954116558014,0,0
616,Lucas County,OH,2021-04-01,128834.21257275298,0,845.2471562496407,0,0
616,Lucas County,OH,2021-05-01,130335.00239132764,0,855.1027210346365,0,0
616,Lucas County,OH,2021-06-01,131943.37572146385,0,862.3208224975327,0,0
616,Lucas County,OH,2021-07-01,132838.42651995024,0,876.0412973153321,0,0
616,Lucas County,OH,2021-08-01,132898.52002688963,0,889.4229339008173,0,0
616,Lucas County,OH,2021-09-01,132199.28497556344,0,904.6414816496834,0,0
616,Lucas County,OH,2021-10-01,131585.5071841003,0,909.8070975624807,0,0
616,Lucas County,OH,2021-11-01,131151.68661563963,0,917.8723194915588,0,0
616,Lucas County,OH,2021-12-01,131096.26708234192,0,923.5186633548938,0,0
616,Lucas County,OH,2022-01-01,132348.26349163175,0,931.1728099152944,0,0
616,Lucas County,OH,2022-02-01,134758.51974794033,0,939.2127511605348,0,0
616,Lucas County,OH,2022-03-01,137556.19462514468,0,949.3376667961444,0,0
616,Lucas County,OH,2022-04-01,140000.18565564428,0,959.1493812514578,0,0
616,Lucas County,OH,2022-05-01,141731.89942093354,0,971.8778848863489,0,0
616,Lucas County,OH,2022-06-01,143160.0874605591,0,985.6328761799276,0,0
616,Lucas County,OH,2022-07-01,143890.48748182782,0,987.497664638019,0,0
616,Lucas County,OH,2022-08-01,144095.7535547278,0,988.295092432983,0,0
616,Lucas County,OH,2022-09-01,143884.60972347492,0,980.9842063105914,0,0
616,Lucas County,OH,2022-10-01,143784.66836013857,0,984.3035002520796,1,0
616,Lucas County,OH,2022-11-01,143523.0779540404,0,988.359057727076,1,0
616,Lucas County,OH,2022-12-01,143075.28593552613,0,993.5617052833874,1,0
616,Lucas County,OH,2023-01-01,142081.36248920206,0,998.5540265216304,1,0
616,Lucas County,OH,2023-02-01,141616.62857752488,0,1003.2732450596106,1,0
616,Lucas County,OH,2023-03-01,141690.4460263758,0,1011.1353567842834,1,0
616,Lucas County,OH,2023-04-01,142601.0910808264,0,1014.613082446746,1,0
616,Lucas County,OH,2023-05-01,143896.25701979242,0,1014.4126056591604,1,0
616,Lucas County,OH,2023-06-01,145692.3589879827,0,1010.5743093280022,1,0
616,Lucas County,OH,2023-07-01,147563.3417769916,0,1018.8145672268508,1,0
616,Lucas County,OH,2023-08-01,149128.266927628,0,1024.8071382900762,1,0
616,Lucas County,OH,2023-09-01,150297.0358940706,0,1033.8167977761022,1,0
616,Lucas County,OH,2023-10-01,151328.6261380861,0,1033.2144595098334,1,0
616,Lucas County,OH,2023-11-01,152285.16704147932,0,1034.9293381785892,1,0
616,Lucas County,OH,2023-12-01,152935.01697001865,0,1040.4879173053807,1,0
616,Lucas County,OH,2024-01-01,153408.0548747283,0,1050.7431993501264,1,0
616,Lucas County,OH,2024-02-01,154094.86953882346,0,1054.587378120675,1,0
616,Lucas County,OH,2024-03-01,155221.6177415242,0,1058.1615014031042,1,0
616,Lucas County,OH,2024-04-01,156496.28971046617,0,1060.2070311151556,1,0
616,Lucas County,OH,2024-05-01,157664.6950246216,0,1065.2809446263304,1,0
616,Lucas County,OH,2024-06-01,158441.18648236606,0,1074.6800849647004,1,0
616,Lucas County,OH,2024-07-01,158708.84235211927,0,1080.4636944069025,1,0
616,Lucas County,OH,2024-08-01,158540.530421959,0,1088.6612537433891,1,0
616,Lucas County,OH,2024-09-01,158584.82438210773,0,1091.3622046059052,1,0
616,Lucas County,OH,2024-10-01,159162.58577111198,0,1096.472292557626,1,0
616,Lucas County,OH,2024-11-01,160254.64516445945,0,1096.7712256026653,1,0
616,Lucas County,OH,2024-12-01,161533.84108749067,0,1099.9275483390802,1,0
616,Lucas County,OH,2025-01-01,162699.22572350898,0,1103.106328841684,1,0
616,Lucas County,OH,2025-02-01,163759.78902093013,0,1109.1771819292649,1,0
616,Lucas County,OH,2025-03-01,164466.0014788677,0,1112.719601110262,1,0
616,Lucas County,OH,2025-04-01,164929.02909996497,0,1118.261970367854,1,0
616,Lucas County,OH,2025-05-01,165256.9684927213,0,1122.6499106574263,1,0
616,Lucas County,OH,2025-06-01,165364.107734713,0,1125.312999762576,1,0
616,Lucas County,OH,2025-07-01,165713.4194003212,0,1126.8905774580896,1,0
616,Lucas County,OH,2025-08-01,166079.99925905242,0,1127.8201813680605,1,0
616,Lucas County,OH,2025-09-01,166864.2121258266,0,1133.0450467913015,1,0
616,Lucas County,OH,2025-10-01,167797.04305614767,0,1139.1538348442457,1,0
616,Lucas County,OH,2025-11-01,168883.3618389997,0,1147.407620225781,1,0
616,Lucas County,OH,2025-12-01,170129.53232911392,0,1151.115223555659,1,0
616,Lucas County,OH,2026-01-01,171226.5802754774,0,1152.2537679971017,1,0
616,Lucas County,OH,2026-02-01,172009.67571439318,0,1154.37336017425,1,0
616,Lucas County,OH,2026-03-01,172542.1399948592,0,1157.7854504120487,1,0
1223,Monroe County,NY,2018-01-01,150056.948996335,0,983.1849329346742,0,0
1223,Monroe County,NY,2018-02-01,149995.5135530813,0,983.81854196104,0,0
1223,Monroe County,NY,2018-03-01,150133.61776496618,0,985.6532751218264,0,0
1223,Monroe County,NY,2018-04-01,150139.29444036016,0,983.4586283016718,0,0
1223,Monroe County,NY,2018-05-01,150215.42022169885,0,986.8398722814652,0,0
1223,Monroe County,NY,2018-06-01,150406.1084501676,0,988.816114706246,0,0
1223,Monroe County,NY,2018-07-01,151182.31838951833,0,991.5570868812796,0,0
1223,Monroe County,NY,2018-08-01,152274.77903396598,0,995.1122729743868,0,0
1223,Monroe County,NY,2018-09-01,153332.9392511663,0,998.7981209045306,0,0
1223,Monroe County,NY,2018-10-01,154012.86720322885,0,1001.8443058168808,0,0
1223,Monroe County,NY,2018-11-01,154538.83609101028,0,997.9884760611634,0,0
1223,Monroe County,NY,2018-12-01,154903.58563412193,0,1003.5733801382422,0,0
1223,Monroe County,NY,2019-01-01,155525.66753830403,0,1003.175233960819,0,0
1223,Monroe County,NY,2019-02-01,156346.92786435492,0,1010.0930298286116,0,0
1223,Monroe County,NY,2019-03-01,157275.20133449204,0,1012.8239847041422,0,0
1223,Monroe County,NY,2019-04-01,157920.1164021738,0,1018.6948712989428,0,0
1223,Monroe County,NY,2019-05-01,158414.86705485205,0,1024.6416848641386,0,0
1223,Monroe County,NY,2019-06-01,159030.70207292025,0,1029.6967304841153,0,0
1223,Monroe County,NY,2019-07-01,159709.97954935647,0,1032.3962356340528,0,0
1223,Monroe County,NY,2019-08-01,160387.58028884736,0,1032.4501408291949,0,0
1223,Monroe County,NY,2019-09-01,161096.60810072822,0,1033.7690409028571,0,0
1223,Monroe County,NY,2019-10-01,161918.33680658982,0,1037.2192476401558,0,0
1223,Monroe County,NY,2019-11-01,162875.9084045157,0,1045.1898506723426,0,0
1223,Monroe County,NY,2019-12-01,163721.07466292265,0,1046.6749144433716,0,0
1223,Monroe County,NY,2020-01-01,164623.65011695697,0,1049.5971068376596,0,0
1223,Monroe County,NY,2020-02-01,165418.91476497237,0,1049.6286375124655,0,0
1223,Monroe County,NY,2020-03-01,166128.82895352526,0,1058.1713424162715,0,0
1223,Monroe County,NY,2020-04-01,166748.24934812562,0,1056.6245664791072,0,0
1223,Monroe County,NY,2020-05-01,167507.81773939426,0,1056.8841689341882,0,0
1223,Monroe County,NY,2020-06-01,168526.7135852477,0,1059.2283465196936,0,0
1223,Monroe County,NY,2020-07-01,169946.7427770431,0,1066.8357266944222,0,0
1223,Monroe County,NY,2020-08-01,171763.7894179979,0,1074.505119339579,0,0
1223,Monroe County,NY,2020-09-01,174295.609879301,0,1087.3315108130002,0,0
1223,Monroe County,NY,2020-10-01,177402.2122206332,0,1096.6939646344235,0,0
1223,Monroe County,NY,2020-11-01,180580.28868276472,0,1108.1729871583984,0,0
1223,Monroe County,NY,2020-12-01,183107.82278239224,0,1119.6749309222412,0,0
1223,Monroe County,NY,2021-01-01,184852.25891763484,0,1125.8181478535478,0,0
1223,Monroe County,NY,2021-02-01,186380.90375090088,0,1129.0666520474256,0,0
1223,Monroe County,NY,2021-03-01,188229.97691171768,0,1129.533697507483,0,0
1223,Monroe County,NY,2021-04-01,190604.08346892265,0,1139.1382122385935,0,0
1223,Monroe County,NY,2021-05-01,193952.87619266903,0,1149.2362637554231,0,0
1223,Monroe County,NY,2021-06-01,198093.9277937644,0,1158.0205435782177,0,0
1223,Monroe County,NY,2021-07-01,201555.1919815815,0,1169.6545762247065,0,0
1223,Monroe County,NY,2021-08-01,203158.80209727515,0,1185.670487713654,0,0
1223,Monroe County,NY,2021-09-01,202675.4301137776,0,1193.951770362115,0,0
1223,Monroe County,NY,2021-10-01,201642.56537301745,0,1206.927867105716,0,0
1223,Monroe County,NY,2021-11-01,200986.66818672695,0,1212.6679844393725,0,0
1223,Monroe County,NY,2021-12-01,201020.19607763377,0,1220.923590525074,0,0
1223,Monroe County,NY,2022-01-01,202693.8629194463,0,1225.1740993744197,0,0
1223,Monroe County,NY,2022-02-01,205610.71629920692,0,1238.5916168172816,0,0
1223,Monroe County,NY,2022-03-01,209943.0194512596,0,1256.572041308394,0,0
1223,Monroe County,NY,2022-04-01,214576.69130487577,0,1270.6587687802987,0,0
1223,Monroe County,NY,2022-05-01,218944.61247513487,0,1284.8550943767336,0,0
1223,Monroe County,NY,2022-06-01,222824.20568051573,0,1297.1559090803644,0,0
1223,Monroe County,NY,2022-07-01,225408.554693685,0,1306.048854886297,0,0
1223,Monroe County,NY,2022-08-01,226525.0765640265,0,1305.0869825678517,0,0
1223,Monroe County,NY,2022-09-01,226133.70864092,0,1306.4890559377006,0,0
1223,Monroe County,NY,2022-10-01,225369.8911952069,0,1305.676453101884,1,0
1223,Monroe County,NY,2022-11-01,225025.06680739543,0,1309.649387761058,1,0
1223,Monroe County,NY,2022-12-01,225378.07187780703,0,1312.5985393884564,1,0
1223,Monroe County,NY,2023-01-01,225698.22918004997,0,1325.6387645456643,1,0
1223,Monroe County,NY,2023-02-01,226325.1992731133,0,1328.8473743025315,1,0
1223,Monroe County,NY,2023-03-01,227526.58662221755,0,1334.2281190891438,1,0
1223,Monroe County,NY,2023-04-01,229863.82153368316,0,1342.5330394332866,1,0
1223,Monroe County,NY,2023-05-01,232937.10508834853,0,1352.643078504613,1,0
1223,Monroe County,NY,2023-06-01,236527.9035001609,0,1359.7716745550674,1,0
1223,Monroe County,NY,2023-07-01,240267.31526122856,0,1362.338000833701,1,0
1223,Monroe County,NY,2023-08-01,243964.4806044269,0,1370.035432186497,1,0
1223,Monroe County,NY,2023-09-01,246539.7802711981,0,1379.670225021134,1,0
1223,Monroe County,NY,2023-10-01,247922.2957994634,0,1388.5851301969444,1,0
1223,Monroe County,NY,2023-11-01,248286.79901342373,0,1396.394610538907,1,0
1223,Monroe County,NY,2023-12-01,248211.58136512293,0,1403.2324197936855,1,0
1223,Monroe County,NY,2024-01-01,248253.4421188403,0,1403.08287295787,1,0
1223,Monroe County,NY,2024-02-01,248955.1998049857,0,1411.81086101938,1,0
1223,Monroe County,NY,2024-03-01,250843.48782583183,0,1412.883611400389,1,0
1223,Monroe County,NY,2024-04-01,253588.13492465563,0,1423.1515394763946,1,0
1223,Monroe County,NY,2024-05-01,256686.34540624183,0,1422.9784935347716,1,0
1223,Monroe County,NY,2024-06-01,259321.60066155763,0,1427.9823058004406,1,0
1223,Monroe County,NY,2024-07-01,261446.800039914,0,1430.8545756032222,1,0
1223,Monroe County,NY,2024-08-01,263197.9906142806,0,1434.721935455137,1,0
1223,Monroe County,NY,2024-09-01,264802.7032049022,0,1438.1400136249683,1,0
1223,Monroe County,NY,2024-10-01,266209.983859309,0,1444.5897446712377,1,0
1223,Monroe County,NY,2024-11-01,267227.290918637,0,1454.3823819992342,1,0
1223,Monroe County,NY,2024-12-01,268341.4021578618,0,1462.1409530988092,1,0
1223,Monroe County,NY,2025-01-01,269146.3762481162,0,1474.1874032001276,1,0
1223,Monroe County,NY,2025-02-01,269909.2234432353,0,1480.899320062904,1,0
1223,Monroe County,NY,2025-03-01,269898.214015817,0,1490.5543027148008,1,0
1223,Monroe County,NY,2025-04-01,270092.7455129612,0,1491.2405334597688,1,0
1223,Monroe County,NY,2025-05-01,270603.8895849329,0,1498.7628593538084,1,0
1223,Monroe County,NY,2025-06-01,271640.3718454197,0,1503.779634762529,1,0
1223,Monroe County,NY,2025-07-01,272758.03756824275,0,1513.0506570073417,1,0
1223,Monroe County,NY,2025-08-01,273422.13087284187,0,1520.4072153417758,1,0
1223,Monroe County,NY,2025-09-01,273986.69547480874,0,1526.3323500335794,1,0
1223,Monroe County,NY,2025-10-01,274438.85066681524,0,1529.9333817589277,1,0
1223,Monroe County,NY,2025-11-01,275208.4360531965,0,1529.9815306786038,1,0
1223,Monroe County,NY,2025-12-01,276199.1101615141,0,1531.6545759062406,1,0
1223,Monroe County,NY,2026-01-01,277255.670516188,0,1530.7203671987145,1,0
1223,Monroe County,NY,2026-02-01,278188.99213762546,0,1530.6977401638676,1,0
1223,Monroe County,NY,2026-03-01,279468.2660572028,0,1530.951378176137,1,0
2465,Onondaga County,NY,2018-01-01,140197.97117645017,1,1027.4723715710272,0,0
2465,Onondaga County,NY,2018-02-01,140243.02353319005,1,1030.7724647577916,0,0
2465,Onondaga County,NY,2018-03-01,140371.6048222657,1,1033.1887309305582,0,0
2465,Onondaga County,NY,2018-04-01,140484.97022072654,1,1034.7631580044522,0,0
2465,Onondaga County,NY,2018-05-01,140888.8700566584,1,1030.5164711595526,0,0
2465,Onondaga County,NY,2018-06-01,141568.78714197784,1,1037.1376861170947,0,0
2465,Onondaga County,NY,2018-07-01,142609.72900321745,1,1032.1901882465895,0,0
2465,Onondaga County,NY,2018-08-01,143861.34543903495,1,1038.7468525192446,0,0
2465,Onondaga County,NY,2018-09-01,144886.71615686457,1,1034.2559105806365,0,0
2465,Onondaga County,NY,2018-10-01,145372.19130189612,1,1039.3295372152706,0,0
2465,Onondaga County,NY,2018-11-01,145602.38030082264,1,1055.3894095174353,0,0
2465,Onondaga County,NY,2018-12-01,145521.7708232311,1,1060.969055737963,0,0
2465,Onondaga County,NY,2019-01-01,145705.7081046117,1,1057.0856314115542,0,0
2465,Onondaga County,NY,2019-02-01,146003.92744388912,1,1041.1386946818031,0,0
2465,Onondaga County,NY,2019-03-01,146590.32352078997,1,1045.933195482837,0,0
2465,Onondaga County,NY,2019-04-01,147104.5022920153,1,1053.5980782928466,0,0
2465,Onondaga County,NY,2019-05-01,147546.71624660253,1,1072.2719641965034,0,0
2465,Onondaga County,NY,2019-06-01,148165.92447599437,1,1071.2614454056677,0,0
2465,Onondaga County,NY,2019-07-01,148835.3753007139,1,1076.9751919045311,0,0
2465,Onondaga County,NY,2019-08-01,149580.14329454218,1,1075.7078349596263,0,0
2465,Onondaga County,NY,2019-09-01,150348.24733801748,1,1081.9965765403815,0,0
2465,Onondaga County,NY,2019-10-01,151162.28006609823,1,1077.8282637087689,0,0
2465,Onondaga County,NY,2019-11-01,152009.86944655317,1,1070.491776412008,0,0
2465,Onondaga County,NY,2019-12-01,152691.32033432924,1,1067.5211473377676,0,0
2465,Onondaga County,NY,2020-01-01,153409.6101350654,1,1075.7734752378688,0,0
2465,Onondaga County,NY,2020-02-01,154156.79708083844,1,1088.0043177869377,0,0
2465,Onondaga County,NY,2020-03-01,154895.05091373928,1,1107.73292618628,0,0
2465,Onondaga County,NY,2020-04-01,155548.61648660456,1,1107.4840740883635,0,0
2465,Onondaga County,NY,2020-05-01,156205.08539903417,1,1108.7220480362137,0,0
2465,Onondaga County,NY,2020-06-01,156981.08115566068,1,1120.911819813162,0,0
2465,Onondaga County,NY,2020-07-01,158050.66568296534,1,1129.958771913016,0,0
2465,Onondaga County,NY,2020-08-01,159429.7927100274,1,1137.882861902121,0,0
2465,Onondaga County,NY,2020-09-01,161496.71382472897,1,1134.1708356091551,0,0
2465,Onondaga County,NY,2020-10-01,164063.32064296928,1,1135.2067663550476,0,0
2465,Onondaga County,NY,2020-11-01,166851.88502697708,1,1137.6900203302737,0,0
2465,Onondaga County,NY,2020-12-01,169253.03825930422,1,1138.781515997209,0,0
2465,Onondaga County,NY,2021-01-01,171066.37546381503,1,1151.784241975732,0,0
2465,Onondaga County,NY,2021-02-01,172795.31137779288,1,1159.9576376519076,0,0
2465,Onondaga County,NY,2021-03-01,174665.5462856583,1,1178.964049353693,0,0
2465,Onondaga County,NY,2021-04-01,176806.18972188677,1,1194.4912915579534,0,0
2465,Onondaga County,NY,2021-05-01,179441.31344027724,1,1205.732764458265,0,0
2465,Onondaga County,NY,2021-06-01,182626.70399603725,1,1219.9215201902643,0,0
2465,Onondaga County,NY,2021-07-01,185383.677300961,1,1228.8026846502105,0,0
2465,Onondaga County,NY,2021-08-01,186717.10687661576,1,1237.4022151569493,0,0
2465,Onondaga County,NY,2021-09-01,186244.59219977524,1,1252.4582493996556,0,0
2465,Onondaga County,NY,2021-10-01,185412.896642938,1,1262.0991497826792,0,0
2465,Onondaga County,NY,2021-11-01,184930.7204164145,1,1277.9484194988893,0,0
2465,Onondaga County,NY,2021-12-01,185055.65137917985,1,1306.7518192675082,0,0
2465,Onondaga County,NY,2022-01-01,186276.73010411972,1,1309.461870970937,0,0
2465,Onondaga County,NY,2022-02-01,188428.96602171383,1,1320.7439998681778,0,0
2465,Onondaga County,NY,2022-03-01,191541.2440314358,1,1316.524238936153,0,0
2465,Onondaga County,NY,2022-04-01,194915.48485457696,1,1332.202422780391,0,0
2465,Onondaga County,NY,2022-05-01,198245.9691848365,1,1350.769164419729,0,0
2465,Onondaga County,NY,2022-06-01,201495.0131401829,1,1355.2858941396023,0,0
2465,Onondaga County,NY,2022-07-01,204046.55416832885,1,1361.8605253747392,0,0
2465,Onondaga County,NY,2022-08-01,205659.468477351,1,1368.650502283098,0,0
2465,Onondaga County,NY,2022-09-01,206332.48222947452,1,1378.6800189414453,0,0
2465,Onondaga County,NY,2022-10-01,206568.27071219785,1,1397.4593104525406,1,1
2465,Onondaga County,NY,2022-11-01,206708.54595023493,1,1402.5031598662422,1,1
2465,Onondaga County,NY,2022-12-01,206912.9481388882,1,1389.0584630106205,1,1
2465,Onondaga County,NY,2023-01-01,206971.7804038796,1,1386.8283975634572,1,1
2465,Onondaga County,NY,2023-02-01,207506.3176442753,1,1386.8525346963456,1,1
2465,Onondaga County,NY,2023-03-01,208571.79808093235,1,1409.2688817621452,1,1
2465,Onondaga County,NY,2023-04-01,210759.74096751385,1,1414.7429267101672,1,1
2465,Onondaga County,NY,2023-05-01,213394.100554441,1,1428.014034491437,1,1
2465,Onondaga County,NY,2023-06-01,216577.870729586,1,1427.2020252826956,1,1
2465,Onondaga County,NY,2023-07-01,219697.80947774427,1,1435.9943000275111,1,1
2465,Onondaga County,NY,2023-08-01,222725.37522766943,1,1440.3613714877586,1,1
2465,Onondaga County,NY,2023-09-01,225056.3978371484,1,1445.7546084441678,1,1
2465,Onondaga County,NY,2023-10-01,226959.63862024088,1,1448.5197498046746,1,1
2465,Onondaga County,NY,2023-11-01,228517.9108131251,1,1457.13529655531,1,1
2465,Onondaga County,NY,2023-12-01,229866.09653056905,1,1473.7099645886726,1,1
2465,Onondaga County,NY,2024-01-01,230955.36763317557,1,1492.067813287725,1,1
2465,Onondaga County,NY,2024-02-01,232155.70878940928,1,1502.2854603078638,1,1
2465,Onondaga County,NY,2024-03-01,234213.2141892279,1,1506.7830357161045,1,1
2465,Onondaga County,NY,2024-04-01,237149.83531725884,1,1507.7783241836194,1,1
2465,Onondaga County,NY,2024-05-01,240462.96641659265,1,1511.0311003692211,1,1
2465,Onondaga County,NY,2024-06-01,243282.05652344992,1,1527.6678096337505,1,1
2465,Onondaga County,NY,2024-07-01,245416.14929377323,1,1538.8059735466438,1,1
2465,Onondaga County,NY,2024-08-01,247084.1718265945,1,1546.8943920055335,1,1
2465,Onondaga County,NY,2024-09-01,248572.76993395656,1,1540.283041088984,1,1
2465,Onondaga County,NY,2024-10-01,249934.21752495485,1,1546.3778085382278,1,1
2465,Onondaga County,NY,2024-11-01,251111.45048953764,1,1552.523422134792,1,1
2465,Onondaga County,NY,2024-12-01,252375.1592549175,1,1576.2789363239797,1,1
2465,Onondaga County,NY,2025-01-01,253417.4720522244,1,1580.64927947281,1,1
2465,Onondaga County,NY,2025-02-01,254340.5969343911,1,1594.553952605723,1,1
2465,Onondaga County,NY,2025-03-01,254901.39763802456,1,1585.041021516902,1,1
2465,Onondaga County,NY,2025-04-01,255946.46415843692,1,1596.372071910284,1,1
2465,Onondaga County,NY,2025-05-01,257584.73692002485,1,1601.1804421596696,1,1
2465,Onondaga County,NY,2025-06-01,259456.89557360232,1,1605.7040026000598,1,1
2465,Onondaga County,NY,2025-07-01,261156.25907316027,1,1609.1716737215502,1,1
2465,Onondaga County,NY,2025-08-01,262283.10921605426,1,1617.1688000511836,1,1
2465,Onondaga County,NY,2025-09-01,263406.4837997619,1,1634.97275396,1,1
2465,Onondaga County,NY,2025-10-01,264259.1764438514,1,1642.346164930576,1,1
2465,Onondaga County,NY,2025-11-01,265204.53022285696,1,1649.326021794306,1,1
2465,Onondaga County,NY,2025-12-01,266318.1278779139,1,1641.656759448382,1,1
2465,Onondaga County,NY,2026-01-01,267576.6108839858,1,1646.8195405642723,1,1
2465,Onondaga County,NY,2026-02-01,269096.8005972966,1,1647.9236228024854,1,1
2465,Onondaga County,NY,2026-03-01,270791.71876541333,1,1665.666592039801,1,1
